,ABRD
0,80.25
1,80.3499984741211
2,80.3499984741211
3,80.3499984741211
4,80.3499984741211
5,81.0199966430664
6,81.88999938964844
7,81.88999938964844
8,81.4000015258789
9,82.02999877929688
10,82.83999633789062
11,82.41000366210938
12,82.4000015258789
13,81.30000305175781
14,83.19000244140625
15,84.0
16,84.0
17,83.5
18,82.5
19,82.5
20,81.97000122070312
21,82.80000305175781
22,82.9000015258789
23,84.0
24,83.0
25,84.19999694824219
26,84.22000122070312
27,83.4800033569336
28,83.26000213623047
29,83.26000213623047
30,83.0
31,84.48999786376953
32,87.0
33,86.0
34,86.0
35,86.5999984741211
36,87.51000213623047
37,87.5999984741211
38,87.75
39,87.72000122070312
40,88.80000305175781
41,89.16999816894531
42,89.5999984741211
43,90.01000213623047
44,90.01000213623047
45,90.9000015258789
46,92.23999786376953
47,91.91999816894531
48,92.30000305175781
49,92.37000274658203
50,93.66000366210938
51,93.13999938964844
52,93.30000305175781
53,92.41000366210938
54,93.4000015258789
55,94.94999694824219
56,94.80000305175781
57,95.0
58,95.19000244140625
59,96.0
60,96.12999725341797
61,96.12999725341797
62,96.55999755859375
63,97.87000274658203
64,96.75
65,98.25
66,96.80000305175781
67,97.19999694824219
68,99.9000015258789
69,98.75
70,99.63999938964844
71,99.51000213623047
72,99.98999786376953
73,102.0
74,99.91999816894531
75,100.0
76,100.0
77,101.9000015258789
78,100.01000213623047
79,102.13999938964844
80,101.01000213623047
81,103.18000030517578
82,103.1500015258789
83,103.5
84,102.0
85,102.08999633789062
86,101.0
87,102.5
88,102.2300033569336
89,101.22000122070312
90,102.5
91,101.30999755859375
92,103.37999725341797
93,103.0
94,102.77999877929688
95,105.05000305175781
96,105.41000366210938
97,103.51000213623047
98,103.8499984741211
99,103.37999725341797
100,102.11000061035156
101,102.86000061035156
102,103.19999694824219
103,101.4000015258789
104,101.3499984741211
105,101.4000015258789
106,102.30000305175781
107,104.6500015258789
108,105.52999877929688
109,106.66999816894531
110,106.48999786376953
111,106.0
112,107.02999877929688
113,106.70999908447266
114,109.01000213623047
115,109.7300033569336
116,107.68000030517578
117,107.30000305175781
118,105.69999694824219
119,106.0999984741211
120,105.62000274658203
121,107.80000305175781
122,109.1500015258789
123,107.20999908447266
124,107.88999938964844
125,103.0999984741211
126,105.05999755859375
127,106.37999725341797
128,104.5999984741211
129,107.97000122070312
130,108.0999984741211
131,105.86000061035156
132,106.38999938964844
133,107.08999633789062
134,108.37000274658203
135,111.18000030517578
136,112.4000015258789
137,111.27999877929688
138,112.0999984741211
139,113.0999984741211
140,125.30000305175781
141,125.93000030517578
142,125.63999938964844
143,126.87000274658203
144,126.87000274658203
145,127.69999694824219
146,128.8000030517578
147,127.77999877929688
148,124.30000305175781
149,126.5
150,127.12999725341797
151,129.14999389648438
152,128.8699951171875
153,127.29000091552734
154,126.56999969482422
155,126.37000274658203
156,128.82000732421875
157,128.82000732421875
158,127.83999633789062
159,128.1300048828125
160,128.5399932861328
161,128.60000610351562
162,127.56999969482422
163,127.19999694824219
164,126.41999816894531
165,126.41999816894531
166,126.41999816894531
167,126.41999816894531
168,129.19000244140625
169,127.80000305175781
170,126.8499984741211
171,127.30000305175781
172,127.37000274658203
173,127.20999908447266
174,127.20999908447266
175,128.1199951171875
176,129.13999938964844
177,129.9499969482422
178,131.55999755859375
179,129.16000366210938
180,130.83999633789062
181,131.1300048828125
182,130.5
183,129.30999755859375
184,130.33999633789062
185,130.41000366210938
186,133.11000061035156
187,132.64999389648438
188,131.61000061035156
189,132.5500030517578
190,135.1999969482422
191,133.6199951171875
192,131.82000732421875
193,133.1699981689453
194,132.1699981689453
195,131.11000061035156
196,131.0
197,132.58999633789062
198,131.57000732421875
199,131.5399932861328
200,132.97999572753906
201,134.1199951171875
202,136.5
203,135.50999450683594
204,135.97000122070312
205,136.8800048828125
206,137.99000549316406
207,138.8699951171875
208,138.86000061035156
209,141.5399932861328
210,144.97999572753906
211,143.0
212,143.8000030517578
213,143.3000030517578
214,143.41000366210938
215,144.36000061035156
216,143.64999389648438
217,142.1199951171875
218,141.97000122070312
219,135.64999389648438
220,137.47000122070312
221,137.75
222,137.75
223,135.50999450683594
224,136.5
225,139.10000610351562
226,136.64999389648438
227,136.10000610351562
228,136.7899932861328
229,137.52999877929688
230,138.02999877929688
231,137.9600067138672
232,136.99000549316406
233,138.33999633789062
234,138.88999938964844
235,135.0
236,140.07000732421875
237,138.0
238,138.0
239,138.9600067138672
240,139.69000244140625
241,137.50999450683594
242,137.0
243,133.92999267578125
244,133.63999938964844
245,128.30999755859375
246,120.0
247,118.0999984741211
248,127.12999725341797
249,114.9000015258789
250,114.0
251,114.0
252,105.95999908447266
253,105.08999633789062
254,102.0
255,97.0
256,104.98999786376953
257,114.05000305175781
258,117.19999694824219
259,122.9800033569336
260,122.9800033569336
261,115.08000183105469
262,115.0
263,115.0
264,115.61000061035156
265,115.01000213623047
266,126.4000015258789
267,117.0
268,120.61000061035156
269,120.0199966430664
270,115.01000213623047
271,118.5
272,115.0
273,115.0
274,121.5
275,116.0
276,115.0
277,115.0
278,111.0
279,114.5
280,116.5
281,116.0
282,113.5
283,113.0
284,112.0
285,111.0
286,111.0
287,111.0
288,111.0
289,111.5
290,111.0
291,112.5
292,114.0
293,111.0
294,109.5
295,111.0
296,111.0
297,108.5
298,108.5
299,108.5
300,106.0
301,102.5
302,103.0
303,107.0
304,107.0
305,107.0
306,107.0
307,107.0
308,107.0
309,107.0
310,108.5
311,108.5
312,108.5
313,105.5
314,106.5
315,106.5
316,106.5
317,97.0
318,95.0
319,95.0
320,95.0
321,99.0
322,95.0
323,95.0
324,105.0
325,95.5
326,95.0
327,100.0
328,100.0
329,100.0
330,100.0
331,96.0
332,95.0
333,94.5
334,94.5
335,94.5
336,99.0
337,90.0
338,90.0
339,90.5
340,91.0
341,94.5
342,94.5
343,98.5
344,98.0
345,98.0
346,94.5
347,99.0
348,105.0
349,92.0
350,92.0
351,93.0
352,93.0
353,93.0
354,93.0
355,93.0
356,93.0
357,93.0
358,105.0
359,105.0
360,100.0
361,104.5
362,110.0
363,110.0
364,101.5
365,101.5
366,107.0
367,108.0
368,108.0
369,108.0
370,98.0
371,100.5
372,100.5
373,98.5
374,100.0
375,100.0
376,106.0
377,106.0
378,106.0
379,100.5
380,100.0
381,100.0
382,99.0
383,99.0
384,106.0
385,106.0
386,106.5
387,94.0
388,96.5
389,94.0
390,95.0
391,89.5
392,99.0
393,99.0
394,99.0
395,99.0
396,94.0
397,95.0
398,91.0
399,91.0
400,89.5
401,95.5
402,95.0
403,95.0
404,95.0
405,95.0
406,95.0
407,86.0
408,83.5
409,82.5
410,80.0
411,84.5
412,81.5
413,81.5
414,83.5
415,83.5
416,80.0
417,79.0
418,82.5
419,83.0
420,82.0
421,83.5
422,81.5
423,79.5
424,82.0
425,84.0
426,92.0
427,92.0
428,83.5
429,83.5
430,88.0
431,88.0
432,89.0
433,89.0
434,83.0
435,84.0
436,87.5
437,88.0
438,88.0
439,89.0
440,86.0
441,87.0
442,86.0
443,87.5
444,87.5
445,88.0
446,97.0
447,88.0
448,91.5
449,90.0
450,89.5
451,89.5
452,91.5
453,93.0
454,94.0
455,93.0
456,93.5
457,93.5
458,95.0
459,93.0
460,90.5
461,90.5
462,90.5
463,90.5
464,90.5
465,90.5
466,90.5
467,92.0
468,90.5
469,90.5
470,90.5
471,90.0
472,89.5
473,89.5
474,88.5
475,88.5
476,91.5
477,92.0
478,92.0
479,92.0
480,92.0
481,83.0
482,89.0
483,88.5
484,88.0
485,83.0
486,85.5
487,88.5
488,89.0
489,89.0
490,87.0
491,89.5
492,89.5
493,90.0
494,96.5
495,104.0
496,104.0
497,104.0
498,104.0
499,114.5
500,100.5
501,100.5
502,100.5
503,100.5
504,112.5
505,108.0
506,108.0
507,108.0
508,108.0
509,108.0
510,103.5
511,113.0
512,113.0
513,102.5
514,104.0
515,104.5
516,105.0
517,102.0
518,104.0
519,103.0
520,103.0
521,102.0
522,102.0
523,101.5
524,102.5
525,101.0
526,102.0
527,102.0
528,100.0
529,100.0
530,103.0
531,103.0
532,103.0
533,103.0
534,101.0
535,110.0
536,104.0
537,102.5
538,104.5
539,104.0
540,104.0
541,104.0
542,103.5
543,103.5
544,102.5
545,102.5
546,102.5
547,102.5
548,102.5
549,102.5
550,102.5
551,102.5
552,102.5
553,102.5
554,102.5
555,102.5
556,102.5
557,99.5
558,99.5
559,103.0
560,103.0
561,103.0
562,103.0
563,103.0
564,103.0
565,103.0
566,103.0
567,99.5
568,99.0
569,99.0
570,98.0
571,98.0
572,98.0
573,93.0
574,93.0
575,93.0
576,93.0
577,93.0
578,93.0
579,98.0
580,91.5
581,91.5
582,93.5
583,95.5
584,99.5
585,91.0
586,91.0
587,87.5
588,88.5
589,86.0
590,89.5
591,89.5
592,85.0
593,90.0
594,91.0
595,101.0
596,96.0
597,95.0
598,95.0
599,97.0
600,97.0
601,101.0
602,112.5
603,106.5
604,116.0
605,120.0
606,108.0
607,108.0
608,103.0
609,100.5
610,100.5
611,109.0
612,109.0
613,109.0
614,109.0
615,109.0
616,109.0
617,109.0
618,109.0
619,109.0
620,108.0
621,103.0
622,102.0
623,102.0
624,109.5
625,105.5
626,105.0
627,105.0
628,105.0
629,105.5
630,106.5
631,110.0
632,110.0
633,110.0
634,102.5
635,103.0
636,93.0
637,92.0
638,93.0
639,90.5
640,85.0
641,89.5
642,84.5
643,82.0
644,83.5
645,85.0
646,86.0
647,88.5
648,86.0
649,89.0
650,88.0
651,86.5
652,86.5
653,85.5
654,88.0
655,86.0
656,85.5
657,86.0
658,87.0
659,86.5
660,86.5
661,86.0
662,86.0
663,85.0
664,81.0
665,81.0
666,82.0
667,83.0
668,82.0
669,83.0
670,83.5
671,84.0
672,84.0
673,83.5
674,85.0
675,85.0
676,84.0
677,83.5
678,82.0
679,82.5
680,83.0
681,83.5
682,82.5
683,82.0
684,82.5
685,82.0
686,81.0
687,82.0
688,82.0
689,81.5
690,82.5
691,81.5
692,81.0
693,81.0
694,81.0
695,84.0
696,81.5
697,82.0
698,81.5
699,82.0
700,82.5
701,81.5
702,81.5
703,81.5
704,81.5
705,81.5
706,80.0
707,80.0
708,80.0
709,80.0
710,81.0
711,81.0
712,81.5
713,82.0
714,81.5
715,80.0
716,81.0
717,80.0
718,80.5
719,81.5
720,81.5
721,81.5
722,82.0
723,82.0
724,81.5
725,81.5
726,83.0
727,81.0
728,81.0
729,81.0
730,81.0
731,81.0
732,81.0
733,82.0
734,80.0
735,81.0
736,81.5
737,82.0
738,82.0
739,82.0
740,81.0
741,81.0
742,80.5
743,80.5
744,83.5
745,88.0
746,89.5
747,88.5
748,89.0
749,93.5
750,93.5
751,93.5
752,92.0
753,92.0
754,92.0
755,90.0
756,92.0
757,92.0
758,92.5
759,93.0
760,89.5
761,90.5
762,88.0
763,91.5
764,91.5
765,90.0
766,90.0
767,90.5
768,89.5
769,88.5
770,89.0
771,90.5
772,90.0
773,88.5
774,88.5
775,89.0
776,89.5
777,89.0
778,86.5
779,88.5
780,86.0
781,85.5
782,85.5
783,84.5
784,86.0
785,87.0
786,86.0
787,86.0
788,85.0
789,85.5
790,86.5
791,86.5
792,86.5
793,86.5
794,85.5
795,86.0
796,86.0
797,86.0
798,87.5
799,88.0
800,88.0
801,87.5
802,88.5
803,87.5
804,87.5
805,88.0
806,87.5
807,86.5
808,88.0
809,88.0
810,87.0
811,90.5
812,90.5
813,90.5
814,90.5
815,91.0
816,91.0
817,91.5
818,90.0
819,94.0
820,96.5
821,97.5
822,94.0
823,95.0
824,94.5
825,99.5
826,99.5
827,101.5
828,103.0
829,101.0
830,100.0
831,99.0
832,98.0
833,99.0
834,98.0
835,100.0
836,99.5
837,99.5
838,99.5
839,97.0
840,97.0
841,97.0
842,97.5
843,95.5
844,97.0
845,100.0
846,103.5
847,103.5
848,103.5
849,103.5
850,103.5
851,101.0
852,100.5
853,108.0
854,104.0
855,109.0
856,109.0
857,107.0
858,111.0
859,108.0
860,106.0
861,104.5
862,111.0
863,107.5
864,108.0
865,114.0
866,114.0
867,114.0
868,110.5
869,109.5
870,107.0
871,110.5
872,108.5
873,108.0
874,108.0
875,106.0
876,106.0
877,104.0
878,106.5
879,115.5
880,116.0
881,117.0
882,120.0
883,123.0
884,123.0
885,123.5
886,120.0
887,118.5
888,133.0
889,130.0
890,130.0
891,130.0
892,127.5
893,127.5
894,137.0
895,142.5
896,146.5
897,135.0
898,135.0
899,145.0
900,149.5
901,150.0
902,150.0
903,149.5
904,140.0
905,140.0
906,147.5
907,147.5
908,138.0
909,148.0
910,148.0
911,148.0
912,148.0
913,148.0
914,146.5
915,145.0
916,140.5
917,145.0
918,141.0
919,141.0
920,135.5
921,135.0
922,141.5
923,142.0
924,142.0
925,142.0
926,139.5
927,139.5
928,139.0
929,141.5
930,138.0
931,140.5
932,140.5
933,154.0
934,154.0
935,150.0
936,150.0
937,148.0
938,148.0
939,148.0
940,150.0
941,148.0
942,148.0
943,148.0
944,135.0
945,138.5
946,138.5
947,135.0
948,135.0
949,135.0
950,152.0
951,185.0
952,160.0
953,170.0
954,189.0
955,175.0
956,200.0
957,198.5
958,188.0
959,178.5
960,174.0
961,163.5
962,179.5
963,179.5
964,179.5
965,179.5
966,172.0
967,168.0
968,170.0
969,167.0
970,175.0
971,183.5
972,205.0
973,211.5
974,203.0
975,200.0
976,190.0
977,183.5
978,180.0
979,177.5
980,174.0
981,174.5
982,174.5
983,174.5
984,168.0
985,176.5
986,177.0
987,174.0
988,171.0
989,170.0
990,167.0
991,164.5
992,164.5
993,157.0
994,157.0
995,160.0
996,158.0
997,158.0
998,166.5
999,153.0
1000,160.0
1001,165.0
1002,169.0
1003,172.0
1004,164.0
1005,160.5
1006,162.5
1007,162.5
1008,172.0
1009,176.5
1010,175.0
1011,178.5
1012,178.5
1013,178.5
1014,177.0
1015,177.0
1016,179.5
1017,179.5
1018,178.5
1019,178.0
1020,175.0
1021,175.0
1022,164.5
1023,157.5
1024,175.0
1025,177.0
1026,174.5
1027,165.0
1028,167.0
1029,167.0
1030,161.5
1031,163.0
1032,163.0
1033,168.0
1034,164.0
1035,160.5
1036,160.0
1037,164.5
1038,160.0
1039,160.0
1040,160.0
1041,160.0
1042,160.0
1043,160.5
1044,162.0
1045,160.0
1046,160.0
1047,160.0
1048,160.0
1049,158.0
1050,158.0
1051,155.5
1052,155.5
1053,154.0
1054,153.0
1055,153.0
1056,150.5
1057,154.0
1058,143.5
1059,149.0
1060,142.0
1061,143.0
1062,143.0
1063,148.0
1064,148.0
1065,149.5
1066,149.5
1067,149.0
1068,149.0
1069,149.0
1070,154.0
1071,153.5
1072,153.5
1073,149.5
1074,149.5
1075,149.5
1076,149.5
1077,149.5
1078,149.5
1079,153.0
1080,156.5
1081,155.0
1082,150.5
1083,150.0
1084,150.0
1085,146.0
1086,146.0
1087,146.0
1088,139.0
1089,140.0
1090,140.0
1091,140.5
1092,141.0
1093,145.5
1094,140.0
1095,139.0
1096,139.0
1097,141.5
1098,140.5
1099,140.5
1100,140.0
1101,142.5
1102,142.5
1103,142.5
1104,142.5
1105,142.5
1106,139.5
1107,139.5
1108,138.0
1109,138.0
1110,136.0
1111,136.0
1112,135.5
1113,142.0
1114,134.5
1115,140.5
1116,146.0
1117,146.0
1118,139.0
1119,140.0
1120,140.0
1121,140.0
1122,140.0
1123,140.0
1124,144.5
1125,147.0
1126,147.0
1127,150.0
1128,155.5
1129,154.5
1130,150.0
1131,150.0
1132,145.5
1133,144.5
1134,144.5
1135,144.5
1136,144.0
1137,143.5
1138,143.5
1139,143.5
1140,144.0
1141,143.0
1142,153.5
1143,153.5
1144,153.5
1145,153.5
1146,153.5
1147,142.0
1148,148.0
1149,153.5
1150,153.5
1151,146.0
1152,140.0
1153,140.0
1154,140.0
1155,140.0
1156,143.5
1157,143.5
1158,143.5
1159,143.5
1160,143.5
1161,138.0
1162,138.0
1163,138.0
1164,147.5
1165,147.5
1166,147.5
1167,147.5
1168,147.5
1169,147.5
1170,147.0
1171,139.0
1172,144.0
1173,144.0
1174,144.0
1175,143.0
1176,143.5
1177,143.5
1178,143.5
1179,143.5
1180,143.5
1181,143.0
1182,143.0
1183,140.0
1184,148.5
1185,140.0
1186,139.5
1187,139.5
1188,138.0
1189,137.5
1190,137.5
1191,134.0
1192,134.0
1193,138.5
1194,138.5
1195,155.0
1196,144.0
1197,144.0
1198,151.0
1199,150.0
1200,150.0
1201,149.5
1202,149.5
1203,147.0
1204,147.0
1205,147.0
1206,147.0
1207,147.0
1208,147.0
1209,147.0
1210,149.0
1211,149.0
1212,149.5
1213,145.0
1214,145.0
1215,144.5
1216,142.0
1217,140.5
1218,140.5
1219,140.0
1220,140.0
1221,140.0
1222,140.0
1223,146.5
1224,146.5
1225,143.5
1226,146.0
1227,146.0
1228,146.0
1229,146.0
1230,146.0
1231,146.0
1232,146.0
1233,146.0
1234,146.0
1235,146.0
1236,140.0
1237,135.0
1238,135.0
1239,135.0
1240,140.0
1241,140.0
1242,138.0
1243,138.0
1244,138.0
1245,138.0
1246,138.0
1247,135.0
1248,134.0
1249,139.0
1250,139.0
1251,140.0
1252,141.0
1253,141.0
1254,141.0
1255,141.0
1256,141.0
1257,141.0
1258,141.0
1259,141.0
1260,141.0
1261,141.0
1262,133.0
1263,134.0
1264,134.0
1265,134.0
1266,134.0
1267,134.0
1268,134.0
1269,134.0
1270,140.0
1271,140.0
1272,141.0
1273,148.0
1274,148.0
1275,148.0
1276,148.0
1277,148.0
1278,148.0
1279,145.0
1280,145.0
1281,140.0
1282,140.0
1283,140.0
1284,141.0
1285,141.0
1286,141.0
1287,141.0
1288,141.0
1289,140.0
1290,137.0
1291,137.0
1292,137.0
1293,137.0
1294,137.0
1295,137.0
1296,139.0
1297,134.0
1298,134.0
1299,139.0
1300,141.0
1301,136.0
1302,141.0
1303,143.0
1304,144.0
1305,144.0
1306,144.0
1307,144.0
1308,143.0
1309,143.0
1310,144.0
1311,144.0
1312,143.0
1313,143.0
1314,145.0
1315,144.0
1316,143.0
1317,146.0
1318,145.0
1319,144.0
1320,146.0
1321,147.0
1322,145.0
1323,141.0
1324,140.0
1325,140.0
1326,139.0
1327,141.0
1328,142.0
1329,140.0
1330,143.0
1331,140.0
1332,140.0
1333,140.0
1334,138.0
1335,141.0
1336,141.0
1337,140.0
1338,142.0
1339,141.0
1340,140.0
1341,141.0
1342,141.0
1343,139.0
1344,140.0
1345,144.0
1346,145.0
1347,144.0
1348,142.0
1349,141.0
1350,140.0
1351,141.0
1352,141.0
1353,140.0
1354,140.0
1355,141.0
1356,140.0
1357,140.0
1358,139.5
1359,141.0
1360,139.0
1361,139.0
1362,139.0
1363,138.5
1364,139.0
1365,138.0
1366,139.5
1367,140.0
1368,138.5
1369,138.5
1370,139.0
1371,138.0
1372,139.0
1373,138.0
1374,138.0
1375,138.0
1376,137.5
1377,139.0
1378,139.0
1379,139.0
1380,139.0
1381,139.5
1382,139.0
1383,139.0
1384,138.5
1385,138.0
1386,137.5
1387,137.5
1388,138.0
1389,137.5
1390,138.0
1391,137.5
1392,137.5
1393,138.0
1394,138.5
1395,138.0
1396,137.0
1397,138.0
1398,137.0
1399,138.0
1400,137.0
1401,137.5
1402,137.5
1403,136.5
1404,136.5
1405,137.0
1406,137.0
1407,137.0
1408,137.0
1409,137.0
1410,136.5
1411,141.0
1412,140.5
1413,138.5
1414,140.0
1415,139.5
1416,139.5
1417,140.0
1418,140.0
1419,140.0
1420,139.5
1421,139.5
1422,139.0
1423,139.5
1424,139.5
1425,139.5
1426,138.5
1427,138.5
1428,139.5
1429,139.5
1430,138.0
1431,139.0
1432,138.5
1433,138.5
1434,136.5
1435,134.5
1436,134.0
1437,134.5
1438,137.0
1439,137.0
1440,136.0
1441,135.0
1442,137.5
1443,136.0
1444,136.0
1445,137.5
1446,138.5
1447,137.0
1448,137.5
1449,136.0
1450,137.5
1451,137.5
1452,136.5
1453,138.0
1454,138.0
1455,136.5
1456,139.5
1457,139.0
1458,138.0
1459,139.0
1460,141.5
1461,140.0
1462,139.5
1463,144.0
1464,143.5
1465,142.0
1466,143.0
1467,140.5
1468,140.0
1469,139.5
1470,140.5
1471,140.0
1472,140.0
1473,139.5
1474,140.0
1475,139.0
1476,138.0
1477,136.5
1478,138.0
1479,138.5
1480,138.5
1481,138.5
1482,138.5
1483,138.5
1484,137.5
1485,135.5
1486,136.5
1487,135.5
1488,137.0
1489,136.0
1490,137.0
1491,136.5
1492,136.0
1493,136.0
1494,136.5
1495,136.0
1496,136.5
1497,136.0
1498,135.5
1499,135.5
1500,135.0
1501,135.0
1502,136.0
1503,136.0
1504,136.0
1505,136.5
1506,136.0
1507,136.5
1508,136.5
1509,136.5
1510,136.0
1511,136.5
1512,136.5
1513,136.0
1514,136.5
1515,136.5
1516,136.5
1517,136.0
1518,136.0
1519,136.5
1520,135.5
1521,136.5
1522,136.0
1523,135.5
1524,135.5
1525,135.0
1526,136.0
1527,134.5
1528,134.0
1529,134.5
1530,135.0
1531,134.0
1532,134.0
1533,135.0
1534,135.0
1535,134.5
1536,135.0
1537,135.5
1538,136.5
1539,135.5
1540,136.5
1541,136.5
1542,138.5
1543,137.5
1544,136.0
1545,137.0
1546,137.0
1547,137.5
1548,138.0
1549,137.5
1550,137.0
1551,137.0
1552,137.5
1553,137.5
1554,138.0
1555,137.5
1556,138.0
1557,137.5
1558,137.0
1559,137.0
1560,137.0
1561,137.0
1562,137.0
1563,136.5
1564,135.5
1565,136.5
1566,137.0
1567,136.0
1568,136.5
1569,140.0
1570,136.5
1571,137.5
1572,136.5
1573,136.0
1574,137.0
1575,137.5
1576,137.5
1577,137.0
1578,137.5
1579,138.0
1580,137.0
1581,137.0
1582,137.5
1583,138.5
1584,139.5
1585,138.5
1586,139.0
1587,137.0
1588,138.0
1589,139.0
1590,138.5
1591,138.0
1592,137.5
1593,138.5
1594,138.0
1595,137.5
1596,138.0
1597,138.0
1598,138.0
1599,138.0
1600,138.0
1601,136.5
1602,137.5
1603,137.0
1604,136.5
1605,135.5
1606,136.5
1607,135.0
1608,136.0
1609,135.5
1610,134.5
1611,135.0
1612,135.0
1613,135.0
1614,136.5
1615,136.5
1616,136.5
1617,136.0
1618,137.0
1619,136.0
1620,136.5
1621,136.5
1622,136.5
1623,136.5
1624,135.5
1625,135.0
1626,134.5
1627,133.0
1628,129.0
1629,133.0
1630,132.0
1631,130.5
1632,132.0
1633,130.0
1634,130.5
1635,129.0
1636,123.5
1637,129.0
1638,125.5
1639,122.5
1640,116.5
1641,126.5
1642,125.5
1643,128.0
1644,127.5
1645,127.5
1646,130.5
1647,131.5
1648,133.0
1649,134.0
1650,134.0
1651,133.5
1652,133.0
1653,133.5
1654,133.5
1655,134.5
1656,135.0
1657,135.0
1658,135.0
1659,134.5
1660,134.5
1661,133.5
1662,134.0
1663,134.5
1664,133.5
1665,133.5
1666,133.0
1667,134.0
1668,133.0
1669,132.0
1670,131.5
1671,131.5
1672,131.5
1673,132.0
1674,131.5
1675,131.5
1676,131.0
1677,130.5
1678,130.5
1679,131.0
1680,131.0
1681,131.5
1682,131.5
1683,132.0
1684,131.0
1685,132.0
1686,132.5
1687,132.0
1688,131.5
1689,131.5
1690,131.5
1691,131.0
1692,132.0
1693,131.5
1694,131.0
1695,131.0
1696,131.0
1697,130.5
1698,130.5
1699,130.5
1700,130.0
1701,131.0
1702,130.0
1703,130.5
1704,130.0
1705,130.0
1706,130.0
1707,129.0
1708,130.0
1709,130.5
1710,130.5
1711,130.0
1712,130.5
1713,129.5
1714,130.0
1715,129.0
1716,129.5
1717,130.0
1718,130.0
1719,129.0
1720,130.0
1721,129.0
1722,129.5
1723,129.5
1724,129.5
1725,129.5
1726,130.0
1727,129.5
1728,130.0
1729,130.0
1730,129.5
1731,130.0
1732,130.5
1733,130.5
1734,130.5
1735,182.5
1736,255.0
1737,280.0
1738,262.5
1739,232.0
1740,231.5
1741,233.0
1742,229.5
1743,222.0
1744,217.0
1745,206.5
1746,207.0
1747,204.0
1748,207.0
1749,200.0
1750,205.5
1751,202.0
1752,203.5
1753,201.0
1754,214.5
1755,208.0
1756,208.5
1757,205.0
1758,207.5
1759,205.0
1760,204.5
1761,204.5
1762,203.5
1763,202.5
1764,203.5
1765,204.0
1766,203.5
1767,204.5
1768,203.5
1769,203.5
1770,203.0
1771,201.5
1772,199.5
1773,198.0
1774,196.0
1775,193.5
1776,191.5
1777,193.0
1778,192.0
1779,194.0
1780,196.0
1781,198.5
1782,198.5
1783,203.5
1784,200.5
1785,207.0
1786,207.0
1787,207.0
1788,197.0
1789,198.0
1790,196.5
1791,193.5
1792,193.0
1793,195.0
1794,192.5
1795,189.0
1796,188.0
1797,190.0
1798,189.5
1799,191.0
1800,190.5
1801,192.5
1802,194.5
1803,195.5
1804,196.0
1805,198.5
1806,197.5
1807,200.5
1808,201.0
1809,202.5
1810,201.0
1811,201.5
1812,202.0
1813,201.0
1814,202.5
1815,213.5
1816,207.5
1817,208.5
1818,210.5
1819,210.5
1820,211.0
1821,209.5
1822,207.0
1823,207.5
1824,205.5
1825,204.0
1826,203.0
1827,202.0
1828,202.0
1829,202.5
1830,205.0
1831,203.5
1832,204.0
1833,202.5
1834,202.0
1835,202.0
1836,203.0
1837,200.5
1838,200.0
1839,200.0
1840,200.5
1841,200.0
1842,201.5
1843,201.5
1844,200.0
1845,200.0
1846,202.0
1847,200.0
1848,199.5
1849,199.5
1850,200.0
1851,199.5
1852,200.0
1853,198.5
1854,200.5
1855,201.0
1856,197.0
1857,198.0
1858,199.0
1859,200.0
1860,200.0
1861,200.5
1862,198.0
1863,198.5
1864,197.5
1865,197.0
1866,196.5
1867,197.0
1868,196.5
1869,197.5
1870,198.5
1871,201.0
1872,281.0
1873,231.0
1874,219.0
1875,210.5
1876,209.5
1877,203.0
1878,217.5
1879,235.0
1880,220.0
1881,211.5
1882,211.0
1883,207.0
1884,205.0
1885,209.5
1886,207.0
1887,206.0
1888,229.0
1889,213.0
1890,214.0
1891,215.0
1892,215.0
1893,211.5
1894,218.0
1895,215.0
1896,215.5
1897,214.5
1898,213.0
1899,211.5
1900,212.0
1901,212.0
1902,211.5
1903,210.5
1904,208.5
1905,208.0
1906,208.0
1907,208.5
1908,208.0
1909,208.0
1910,207.5
1911,209.5
1912,208.0
1913,204.5
1914,206.0
1915,205.5
1916,205.0
1917,205.0
1918,204.0
1919,203.0
1920,202.0
1921,201.5
1922,201.5
1923,201.5
1924,201.5
1925,201.5
1926,201.0
1927,200.0
1928,199.0
1929,195.5
1930,197.0
1931,196.5
1932,198.0
1933,195.5
1934,195.5
1935,194.0
1936,207.5
1937,202.5
1938,198.5
1939,197.0
1940,201.0
1941,201.0
1942,199.5
1943,199.5
1944,199.5
1945,200.5
1946,199.0
1947,199.0
1948,198.5
1949,198.5
1950,198.5
1951,198.5
1952,198.0
1953,199.0
1954,207.5
1955,201.0
1956,201.0
1957,201.0
1958,201.0
1959,201.0
1960,199.5
1961,200.0
1962,200.5
1963,200.0
1964,199.5
1965,199.5
1966,208.0
1967,209.5
1968,209.5
1969,203.0
1970,202.0
1971,202.0
1972,200.0
1973,200.0
1974,199.0
1975,197.5
1976,194.5
1977,195.0
1978,195.5
1979,196.0
1980,193.0
1981,195.0
1982,195.0
1983,196.0
1984,195.0
1985,195.0
1986,193.5
1987,194.5
1988,195.0
1989,194.5
1990,194.0
1991,194.5
1992,194.5
1993,195.0
1994,197.5
1995,195.5
1996,195.5
1997,195.0
1998,194.5
1999,192.5
2000,194.0
2001,194.0
2002,193.5
2003,194.0
2004,193.5
2005,195.5
2006,194.5
2007,195.0
2008,195.5
2009,195.5
2010,195.5
2011,194.0
2012,193.5
2013,193.5
2014,193.5
2015,193.0
2016,193.5
2017,194.0
2018,193.5
2019,193.0
2020,192.5
2021,192.0
2022,192.0
2023,192.5
2024,192.5
2025,192.5
2026,196.0
2027,193.5
2028,194.0
2029,192.5
2030,193.0
2031,192.5
2032,192.5
2033,195.0
2034,195.0
2035,193.0
2036,201.0
2037,197.0
2038,196.5
2039,197.0
2040,196.5
2041,198.0
2042,198.5
2043,207.0
2044,269.0
2045,212.5
2046,205.5
2047,200.5
2048,201.0
2049,204.5
2050,203.5
2051,203.0
2052,202.5
2053,202.0
2054,201.0
2055,203.0
2056,201.0
2057,200.5
2058,200.0
2059,200.0
2060,199.5
2061,198.5
2062,198.5
2063,197.5
2064,196.5
2065,196.0
2066,196.5
2067,202.5
2068,202.0
2069,197.0
2070,198.0
2071,199.0
2072,197.5
2073,197.0
2074,195.5
2075,195.5
2076,195.0
2077,196.0
2078,195.0
2079,195.5
2080,195.0
2081,192.0
2082,192.0
2083,192.0
2084,194.5
2085,194.0
2086,193.0
2087,197.0
2088,195.5
2089,195.5
2090,194.5
2091,194.0
2092,193.5
2093,193.5
2094,194.5
2095,195.0
2096,194.5
2097,193.0
2098,192.5
2099,193.0
2100,193.5
2101,192.0
2102,191.5
2103,191.0
2104,191.0
2105,185.5
2106,189.0
2107,182.0
2108,165.5
2109,162.5
2110,167.0
2111,169.5
2112,172.0
2113,172.0
2114,176.5
2115,175.5
2116,171.5
2117,171.5
2118,169.0
2119,169.5
2120,174.0
2121,172.0
2122,170.5
2123,167.5
2124,167.5
2125,169.5
2126,167.5
2127,163.0
2128,146.5
2129,148.0
2130,148.0
2131,114.0
2132,114.0
2133,114.0
2134,165.5
2135,174.0
2136,175.0
2137,178.5
2138,183.5
2139,183.5
2140,173.0
2141,177.5
2142,183.5
2143,183.5
2144,178.0
2145,175.5
2146,177.5
2147,175.5
2148,173.0
2149,168.5
2150,166.0
2151,169.5
2152,178.5
2153,171.0
2154,171.0
2155,172.5
2156,177.0
2157,179.0
2158,178.5
2159,175.5
2160,176.5
2161,175.5
2162,176.0
2163,174.0
2164,173.0
2165,173.0
2166,179.5
2167,180.0
2168,179.0
2169,179.0
2170,179.0
2171,179.0
2172,173.5
2173,173.0
2174,172.5
2175,173.5
2176,172.5
2177,172.0
2178,170.0
2179,168.5
2180,170.0
2181,170.0
2182,168.0
2183,167.5
2184,168.0
2185,169.5
2186,170.0
2187,171.5
2188,169.5
2189,174.0
2190,177.5
2191,174.5
2192,174.5
2193,173.5
2194,175.5
2195,175.0
2196,175.0
2197,172.0
2198,171.5
2199,173.0
2200,172.5
2201,172.0
2202,172.5
2203,175.0
2204,172.5
2205,172.5
2206,173.5
2207,174.0
2208,173.5
2209,174.0
2210,174.0
2211,174.0
2212,173.0
2213,172.0
2214,173.0
2215,172.5
2216,173.5
2217,173.0
2218,173.5
2219,173.0
2220,173.5
2221,174.0
2222,173.0
2223,172.0
2224,173.0
2225,173.0
2226,173.5
2227,173.5
2228,173.5
2229,176.0
2230,178.5
2231,185.0
2232,183.0
2233,182.0
2234,180.0
2235,181.0
2236,181.0
2237,182.5
2238,182.0
2239,194.5
2240,192.5
2241,190.5
2242,192.5
2243,194.5
2244,193.0
2245,189.0
2246,192.0
2247,193.0
2248,192.5
2249,192.5
2250,191.0
2251,188.0
2252,192.0
2253,191.5
2254,192.5
2255,178.0
2256,178.0
2257,178.5
2258,167.0
2259,158.5
2260,165.5
2261,165.0
2262,157.5
2263,162.5
2264,167.0
2265,170.5
2266,169.5
2267,169.5
2268,166.5
2269,168.5
2270,171.0
2271,170.0
2272,171.0
2273,172.5
2274,178.0
2275,178.5
2276,177.0
2277,180.0
2278,180.0
2279,179.5
2280,181.0
2281,180.0
2282,181.5
2283,180.0
2284,181.0
2285,181.5
2286,181.0
2287,179.0
2288,181.0
2289,180.5
2290,178.0
2291,179.0
2292,180.0
2293,183.0
2294,183.0
2295,182.5
2296,181.5
2297,180.5
2298,179.5
2299,179.5
2300,180.0
2301,180.0
2302,179.5
2303,180.0
2304,201.0
2305,185.5
2306,186.5
2307,187.5
2308,192.0
2309,192.0
2310,193.0
2311,190.5
2312,187.5
2313,187.0
2314,188.5
2315,186.5
2316,184.0
2317,185.0
2318,189.0
2319,191.5
2320,190.0
2321,193.0
2322,191.5
2323,193.0
2324,200.0
2325,196.0
2326,193.5
2327,190.0
2328,193.0
2329,193.5
2330,191.0
2331,192.0
2332,194.5
2333,193.0
2334,194.5
2335,196.5
2336,195.5
2337,202.5
2338,200.0
2339,198.5
2340,198.0
2341,195.0
2342,197.5
2343,195.5
2344,197.5
2345,197.0
2346,196.0
2347,197.0
2348,201.0
2349,199.5
2350,202.0
2351,201.5
2352,205.5
2353,204.0
2354,203.0
2355,206.0
2356,204.5
2357,204.0
2358,200.5
2359,197.0
2360,198.0
2361,195.0
2362,202.5
2363,201.5
2364,199.0
2365,201.0
2366,202.5
2367,204.0
2368,205.0
2369,201.5
2370,202.5
2371,205.5
2372,205.5
2373,207.5
2374,205.0
2375,207.0
2376,208.5
2377,205.5
2378,205.0
2379,205.5
2380,204.0
2381,204.0
2382,205.0
2383,206.5
2384,206.5
2385,213.0
2386,218.0
2387,215.5
2388,216.0
2389,214.5
2390,217.0
2391,221.0
2392,252.0
2393,256.0
2394,255.5
2395,267.0
2396,260.0
2397,259.0
2398,250.0
2399,253.0
2400,259.5
2401,258.5
2402,254.5
2403,251.5
2404,255.5
2405,254.0
2406,258.5
2407,263.5
2408,259.5
2409,257.0
2410,242.5
2411,241.5
2412,251.0
2413,250.0
2414,247.0
2415,256.5
2416,261.5
2417,259.5
2418,261.0
2419,270.0
2420,284.2
2421,270.6
2422,273.8
2423,269.0
2424,271.4
2425,284.0
2426,278.4
2427,276.2
2428,278.4
2429,280.6
2430,283.0
2431,285.0
2432,280.4
2433,272.4
2434,274.8
2435,281.2
2436,279.4
2437,276.0
2438,285.0
2439,287.6
2440,285.4
2441,283.0
2442,287.8
2443,297.2
2444,326.0
2445,350.0
2446,331.2
2447,329.4
2448,331.4
2449,325.0
2450,338.0
2451,334.0
2452,333.6
2453,330.4
2454,328.0
2455,334.2
2456,335.8
2457,338.4
2458,337.8
2459,338.0
2460,338.6
2461,333.4
2462,334.0
2463,339.2
2464,335.8
2465,333.8
2466,342.6
2467,356.4
2468,356.6
2469,354.4
2470,349.8
2471,344.4
2472,345.4
2473,361.0
2474,355.8
2475,366.8
2476,353.0
2477,352.0
2478,348.0
2479,349.2
2480,349.2
2481,350.6
2482,345.4
2483,344.0
2484,332.4
2485,335.0
2486,338.0
2487,341.8
2488,343.4
2489,340.8
2490,337.4
2491,339.2
2492,343.0
2493,339.2
2494,350.4
2495,349.6
2496,347.2
2497,354.6
2498,351.0
2499,348.4
2500,333.0
2501,337.8
2502,332.2
2503,336.6
2504,334.0
2505,327.4
2506,335.8
2507,319.8
2508,313.4
2509,314.0
2510,308.8
2511,313.0
2512,312.6
2513,312.2
2514,319.6
2515,321.0
2516,324.6
2517,322.4
2518,318.0
2519,314.4
2520,310.4
2521,308.4
2522,305.2
2523,304.0
2524,298.2
2525,292.8
2526,298.2
2527,304.8
2528,300.0
2529,299.8
2530,297.0
2531,292.8
2532,293.2
2533,293.0
2534,291.0
2535,288.6
2536,289.0
2537,293.4
2538,291.2
2539,291.2
2540,291.2
2541,293.4
2542,296.6
2543,300.4
2544,301.4
2545,300.6
2546,294.2
2547,290.4
2548,271.6
2549,291.4
2550,300.8
2551,297.0
2552,299.6
2553,293.6
2554,295.0
2555,289.0
2556,288.6
2557,286.8
2558,281.8
2559,284.4
2560,276.4
2561,275.0
2562,259.8
2563,252.0
2564,238.8
2565,238.0
2566,242.4
2567,240.8
2568,242.2
2569,253.4
2570,247.0
2571,252.6
2572,263.8
2573,256.4
2574,268.2
2575,272.0
2576,281.2
2577,287.8
2578,283.8
2579,271.0
2580,262.2
2581,263.4
2582,272.2
2583,269.6
2584,267.4
2585,271.0
2586,273.2
2587,276.8
2588,274.8
2589,274.2
2590,274.0
2591,275.4
2592,275.6
2593,275.6
2594,272.8
2595,273.8
2596,275.0
2597,276.8
2598,274.2
2599,274.4
2600,278.0
2601,288.8
2602,288.6
2603,282.2
2604,281.6
2605,283.2
2606,281.0
2607,284.2
2608,278.8
2609,275.8
2610,267.4
2611,268.8
2612,269.8
2613,276.6
2614,271.0
2615,271.0
2616,264.8
2617,254.0
2618,255.4
2619,261.8
2620,266.0
2621,271.0
2622,264.4
2623,260.0
2624,256.0
2625,257.4
2626,260.4
2627,260.0
2628,260.2
2629,259.8
2630,259.0
2631,255.4
2632,255.6
2633,255.0
2634,257.2
2635,257.0
2636,259.0
2637,254.0
2638,254.2
2639,256.0
2640,255.8
2641,254.8
2642,254.2
2643,279.2
2644,278.6
2645,279.6
2646,281.0
2647,278.6
2648,283.2
2649,280.6
2650,297.8
2651,294.2
2652,290.2
2653,300.4
2654,295.6
2655,296.4
2656,293.6
2657,290.8
2658,299.6
2659,300.2
2660,300.6
2661,293.8
2662,297.2
2663,297.4
2664,296.2
2665,296.2
2666,293.2
2667,293.0
2668,301.2
2669,296.2
2670,296.0
2671,299.0
2672,304.2
2673,308.2
2674,312.8
2675,307.0
2676,303.0
2677,298.0
2678,294.2
2679,296.4
2680,291.8
2681,286.0
2682,273.2
2683,276.6
2684,267.4
2685,270.2
2686,262.4
2687,259.0
2688,271.2
2689,269.0
2690,269.8
2691,277.0
2692,279.0
2693,275.4
2694,269.2
2695,274.8
2696,272.6
2697,266.2
2698,257.0
2699,263.4
2700,262.2
2701,266.8
2702,263.6
2703,269.6
2704,268.8
2705,265.8
2706,266.2
2707,267.4
2708,266.8
2709,259.8
2710,258.4
2711,253.0
2712,236.6
2713,220.2
2714,229.4
