,BLNG
0,3.885999917984009
1,3.885999917984009
2,3.885999917984009
3,3.885999917984009
4,3.885999917984009
5,3.809999942779541
6,3.8410000801086426
7,3.924999952316284
8,3.812000036239624
9,3.9040000438690186
10,3.9049999713897705
11,3.9000000953674316
12,3.927999973297119
13,3.8489999771118164
14,3.872999906539917
15,3.755000114440918
16,3.8459999561309814
17,3.7049999237060547
18,3.7990000247955322
19,3.7929999828338623
20,3.7300000190734863
21,3.61299991607666
22,3.5889999866485596
23,3.562000036239624
24,3.61899995803833
25,3.5390000343322754
26,3.546999931335449
27,3.555000066757202
28,3.502000093460083
29,3.5980000495910645
30,3.5299999713897705
31,3.5250000953674316
32,3.490000009536743
33,3.694000005722046
34,3.674999952316284
35,3.63100004196167
36,3.6730000972747803
37,3.6549999713897705
38,3.5999999046325684
39,3.5950000286102295
40,3.5829999446868896
41,3.609999895095825
42,3.575000047683716
43,3.5999999046325684
44,3.515000104904175
45,3.5429999828338623
46,3.5450000762939453
47,3.507999897003174
48,3.5399999618530273
49,3.427000045776367
50,3.319000005722046
51,3.1489999294281006
52,2.9200000762939453
53,2.9619998931884766
54,2.999000072479248
55,3.009000062942505
56,3.002000093460083
57,2.9809999465942383
58,2.953000068664551
59,2.947999954223633
60,2.684000015258789
61,2.6419999599456787
62,2.440999984741211
63,2.302999973297119
64,2.5450000762939453
65,2.5510001182556152
66,2.5199999809265137
67,2.444000005722046
68,2.5920000076293945
69,2.549999952316284
70,2.5299999713897705
71,2.502000093460083
72,2.440999984741211
73,2.4000000953674316
74,2.4079999923706055
75,2.5439999103546143
76,2.5999999046325684
77,2.5999999046325684
78,2.6429998874664307
79,2.5999999046325684
80,2.677999973297119
81,2.6019999980926514
82,2.565000057220459
83,2.6459999084472656
84,2.5799999237060547
85,2.5209999084472656
86,2.5490000247955322
87,2.500999927520752
88,2.5250000953674316
89,2.5190000534057617
90,2.5
91,2.5
92,2.5
93,2.5
94,2.5950000286102295
95,2.6459999084472656
96,2.571000099182129
97,2.619999885559082
98,2.619999885559082
99,2.6449999809265137
100,2.6589999198913574
101,2.674999952316284
102,2.6489999294281006
103,2.5179998874664307
104,2.546999931335449
105,2.5869998931884766
106,2.5490000247955322
107,2.578000068664551
108,2.631999969482422
109,2.6589999198913574
110,2.674999952316284
111,2.7739999294281006
112,2.819999933242798
113,2.812000036239624
114,2.867000102996826
115,2.9100000858306885
116,2.9079999923706055
117,2.8389999866485596
118,2.9000000953674316
119,3.000999927520752
120,2.993000030517578
121,2.9000000953674316
122,2.819999933242798
123,2.7890000343322754
124,2.740000009536743
125,2.5490000247955322
126,2.7190001010894775
127,2.638000011444092
128,2.6480000019073486
129,2.8949999809265137
130,2.8399999141693115
131,2.624000072479248
132,2.6610000133514404
133,2.7009999752044678
134,2.7769999504089355
135,2.9070000648498535
136,2.9749999046325684
137,2.950000047683716
138,2.8310000896453857
139,2.940000057220459
140,2.9660000801086426
141,3.0
142,2.9679999351501465
143,3.065000057220459
144,3.069999933242798
145,3.063999891281128
146,3.0179998874664307
147,2.940000057220459
148,2.878000020980835
149,2.9000000953674316
150,2.934999942779541
151,2.940000057220459
152,2.9709999561309814
153,3.0399999618530273
154,3.0230000019073486
155,2.9019999504089355
156,2.9040000438690186
157,2.9010000228881836
158,2.928999900817871
159,3.0369999408721924
160,3.0999999046325684
161,3.0409998893737793
162,3.0910000801086426
163,3.197000026702881
164,3.2239999771118164
165,3.190000057220459
166,3.3989999294281006
167,3.309000015258789
168,3.428999900817871
169,3.5290000438690186
170,3.5989999771118164
171,3.553999900817871
172,3.5859999656677246
173,3.4140000343322754
174,3.38100004196167
175,3.437000036239624
176,3.5199999809265137
177,3.5350000858306885
178,3.503999948501587
179,3.4700000286102295
180,3.378999948501587
181,3.3980000019073486
182,3.421999931335449
183,3.437999963760376
184,3.4140000343322754
185,3.444999933242798
186,3.4839999675750732
187,3.437000036239624
188,3.382999897003174
189,3.385999917984009
190,3.312999963760376
191,3.318000078201294
192,3.388000011444092
193,3.431999921798706
194,3.5199999809265137
195,3.5940001010894775
196,3.4800000190734863
197,3.4660000801086426
198,3.4570000171661377
199,3.3980000019073486
200,3.4140000343322754
201,3.3459999561309814
202,3.2929999828338623
203,3.1489999294281006
204,3.178999900817871
205,3.2200000286102295
206,3.125
207,3.1689999103546143
208,3.1500000953674316
209,3.1500000953674316
210,3.130000114440918
211,3.1389999389648438
212,3.0789999961853027
213,2.996999979019165
214,2.9760000705718994
215,2.9739999771118164
216,2.990999937057495
217,2.9700000286102295
218,2.8989999294281006
219,2.888000011444092
220,2.8570001125335693
221,2.8989999294281006
222,2.861999988555908
223,2.8589999675750732
224,2.8499999046325684
225,2.865000009536743
226,2.7990000247955322
227,2.8989999294281006
228,2.8440001010894775
229,2.799999952316284
230,2.7660000324249268
231,2.7820000648498535
232,2.7070000171661377
233,2.700000047683716
234,2.7200000286102295
235,2.7190001010894775
236,2.7899999618530273
237,2.7200000286102295
238,2.7679998874664307
239,2.7130000591278076
240,2.799999952316284
241,2.8510000705718994
242,2.8380000591278076
243,2.8269999027252197
244,2.8499999046325684
245,2.8499999046325684
246,2.880000114440918
247,2.8369998931884766
248,2.8239998817443848
249,2.819999933242798
250,2.802999973297119
251,2.880000114440918
252,2.927000045776367
253,2.9040000438690186
254,2.8889999389648438
255,2.8580000400543213
256,2.867000102996826
257,2.806999921798706
258,2.809000015258789
259,2.808000087738037
260,2.8499999046325684
261,2.7799999713897705
262,2.7839999198913574
263,2.757999897003174
264,2.7899999618530273
265,2.755000114440918
266,2.763000011444092
267,2.756999969482422
268,2.734999895095825
269,2.811000108718872
270,2.8450000286102295
271,3.119999885559082
272,2.930000066757202
273,3.009999990463257
274,2.9549999237060547
275,2.9149999618530273
276,2.9800000190734863
277,2.924999952316284
278,2.815000057220459
279,2.869999885559082
280,2.884999990463257
281,2.8949999809265137
282,2.7950000762939453
283,2.8450000286102295
284,2.890000104904175
285,2.8499999046325684
286,2.805000066757202
287,2.8299999237060547
288,2.859999895095825
289,2.859999895095825
290,2.9600000381469727
291,3.0
292,3.049999952316284
293,3.059999942779541
294,4.190000057220459
295,3.809999942779541
296,4.110000133514404
297,4.244999885559082
298,4.144999980926514
299,4.394999980926514
300,4.300000190734863
301,4.480000019073486
302,4.355000019073486
303,4.300000190734863
304,4.489999771118164
305,4.800000190734863
306,4.815000057220459
307,4.869999885559082
308,5.119999885559082
309,5.25
310,5.300000190734863
311,5.199999809265137
312,5.085000038146973
313,5.559999942779541
314,5.775000095367432
315,6.005000114440918
316,5.295000076293945
317,5.050000190734863
318,4.769999980926514
319,4.769999980926514
320,4.565000057220459
321,4.400000095367432
322,4.25
323,3.244999885559082
324,3.5999999046325684
325,3.200000047683716
326,3.7249999046325684
327,3.8499999046325684
328,3.619999885559082
329,3.4100000858306885
330,3.509999990463257
331,3.369999885559082
332,3.2950000762939453
333,3.365000009536743
334,3.25
335,3.390000104904175
336,3.5199999809265137
337,3.494999885559082
338,3.4200000762939453
339,3.440000057220459
340,3.4149999618530273
341,3.450000047683716
342,3.4749999046325684
343,3.5
344,3.509999990463257
345,3.4800000190734863
346,3.6649999618530273
347,3.569999933242798
348,3.5
349,3.6600000858306885
350,3.7200000286102295
351,3.7300000190734863
352,3.994999885559082
353,3.9749999046325684
354,3.8949999809265137
355,3.9000000953674316
356,4.050000190734863
357,4.164999961853027
358,4.065000057220459
359,4.005000114440918
360,3.9700000286102295
361,3.934999942779541
362,4.050000190734863
363,4.364999771118164
364,4.34499979019165
365,4.46999979019165
366,4.400000095367432
367,4.434999942779541
368,4.505000114440918
369,4.364999771118164
370,4.635000228881836
371,4.639999866485596
372,4.764999866485596
373,5.199999809265137
374,4.949999809265137
375,5.014999866485596
376,4.875
377,4.454999923706055
378,4.559999942779541
379,4.199999809265137
380,3.9000000953674316
381,3.799999952316284
382,3.9800000190734863
383,4.139999866485596
384,4.090000152587891
385,3.984999895095825
386,3.940000057220459
387,3.9149999618530273
388,3.9800000190734863
389,3.924999952316284
390,3.8350000381469727
391,4.034999847412109
392,4.09499979019165
393,4.050000190734863
394,4.125
395,4.099999904632568
396,4.184999942779541
397,4.054999828338623
398,3.930000066757202
399,3.865000009536743
400,3.8499999046325684
401,3.9000000953674316
402,3.869999885559082
403,3.8949999809265137
404,3.9000000953674316
405,3.869999885559082
406,3.9000000953674316
407,3.9200000762939453
408,3.8299999237060547
409,3.7850000858306885
410,3.809999942779541
411,3.7899999618530273
412,3.75
413,3.7049999237060547
414,3.7100000381469727
415,3.7100000381469727
416,3.7850000858306885
417,3.7799999713897705
418,3.755000114440918
419,3.7249999046325684
420,3.5250000953674316
421,3.5
422,3.5199999809265137
423,3.5850000381469727
424,3.609999895095825
425,3.609999895095825
426,3.6600000858306885
427,3.690000057220459
428,3.6700000762939453
429,3.7049999237060547
430,3.6500000953674316
431,3.619999885559082
432,3.809999942779541
433,3.765000104904175
434,3.7750000953674316
435,3.759999990463257
436,3.7100000381469727
437,3.6449999809265137
438,3.744999885559082
439,3.7950000762939453
440,3.75
441,3.734999895095825
442,3.7049999237060547
443,3.7850000858306885
444,3.765000104904175
445,3.8399999141693115
446,3.815000057220459
447,3.740000009536743
448,3.734999895095825
449,3.7100000381469727
450,3.7149999141693115
451,3.7249999046325684
452,3.690000057220459
453,3.7200000286102295
454,3.640000104904175
455,3.7300000190734863
456,3.7149999141693115
457,3.700000047683716
458,3.6449999809265137
459,3.700000047683716
460,3.549999952316284
461,3.609999895095825
462,3.694999933242798
463,3.6600000858306885
464,3.6700000762939453
465,3.880000114440918
466,3.994999885559082
467,4.039999961853027
468,3.8450000286102295
469,3.819999933242798
470,3.8450000286102295
471,3.9100000858306885
472,3.825000047683716
473,3.805000066757202
474,3.8550000190734863
475,3.8399999141693115
476,3.809999942779541
477,3.930000066757202
478,3.819999933242798
479,3.8399999141693115
480,3.819999933242798
481,3.75
482,3.7899999618530273
483,3.819999933242798
484,3.819999933242798
485,3.9000000953674316
486,3.890000104904175
487,3.799999952316284
488,3.819999933242798
489,3.809999942779541
490,3.809999942779541
491,3.9700000286102295
492,3.9100000858306885
493,3.759999990463257
494,3.930000066757202
495,3.9200000762939453
496,3.9700000286102295
497,3.9800000190734863
498,4.0
499,3.9200000762939453
500,3.950000047683716
501,4.130000114440918
502,4.019999980926514
503,4.010000228881836
504,3.880000114440918
505,3.9100000858306885
506,3.930000066757202
507,3.9600000381469727
508,4.0
509,3.9600000381469727
510,3.950000047683716
511,3.950000047683716
512,3.990000009536743
513,3.869999885559082
514,3.7799999713897705
515,3.7200000286102295
516,3.680000066757202
517,3.6500000953674316
518,3.619999885559082
519,3.6600000858306885
520,3.6600000858306885
521,3.6500000953674316
522,3.5799999237060547
523,3.7300000190734863
524,3.740000009536743
525,3.7200000286102295
526,3.75
527,3.759999990463257
528,3.809999942779541
529,3.759999990463257
530,3.809999942779541
531,3.8499999046325684
532,3.8299999237060547
533,3.880000114440918
534,3.859999895095825
535,3.8499999046325684
536,3.7799999713897705
537,3.7699999809265137
538,3.759999990463257
539,3.9000000953674316
540,3.869999885559082
541,3.9100000858306885
542,3.9800000190734863
543,3.950000047683716
544,3.9000000953674316
545,3.990000009536743
546,3.8499999046325684
547,3.819999933242798
548,3.8499999046325684
549,3.819999933242798
550,3.8299999237060547
551,3.990000009536743
552,3.819999933242798
553,4.079999923706055
554,4.090000152587891
555,4.099999904632568
556,4.010000228881836
557,4.039999961853027
558,3.9800000190734863
559,4.03000020980835
560,4.0
561,3.9000000953674316
562,3.950000047683716
563,3.940000057220459
564,3.950000047683716
565,3.940000057220459
566,3.9000000953674316
567,3.819999933242798
568,3.7799999713897705
569,3.819999933242798
570,3.8299999237060547
571,3.809999942779541
572,3.75
573,3.799999952316284
574,3.8499999046325684
575,3.880000114440918
576,3.9200000762939453
577,3.930000066757202
578,3.9100000858306885
579,3.819999933242798
580,3.819999933242798
581,3.8499999046325684
582,3.809999942779541
583,3.9000000953674316
584,4.0
585,4.010000228881836
586,3.940000057220459
587,5.090000152587891
588,4.920000076293945
589,4.53000020980835
590,4.239999771118164
591,4.010000228881836
592,3.819999933242798
593,3.75
594,3.8399999141693115
595,3.75
596,3.799999952316284
597,3.9700000286102295
598,4.0
599,3.950000047683716
600,4.070000171661377
601,4.130000114440918
602,3.9700000286102295
603,4.0
604,4.0
605,4.03000020980835
606,4.070000171661377
607,4.079999923706055
608,4.019999980926514
609,4.010000228881836
610,4.0
611,3.950000047683716
612,4.039999961853027
613,4.019999980926514
614,4.010000228881836
615,4.010000228881836
616,4.0
617,3.9700000286102295
618,4.0
619,4.039999961853027
620,4.050000190734863
621,4.070000171661377
622,4.0
623,4.03000020980835
624,4.099999904632568
625,4.119999885559082
626,4.130000114440918
627,4.130000114440918
628,4.090000152587891
629,4.590000152587891
630,4.480000019073486
631,4.510000228881836
632,4.550000190734863
633,4.590000152587891
634,4.460000038146973
635,4.369999885559082
636,4.389999866485596
637,4.400000095367432
638,4.449999809265137
639,4.5
640,4.46999979019165
641,4.409999847412109
642,4.289999961853027
643,4.449999809265137
644,4.480000019073486
645,4.440000057220459
646,4.400000095367432
647,4.369999885559082
648,4.929999828338623
649,4.739999771118164
650,5.03000020980835
651,4.889999866485596
652,4.960000038146973
653,5.050000190734863
654,4.860000133514404
655,4.739999771118164
656,4.829999923706055
657,4.71999979019165
658,4.739999771118164
659,4.730000019073486
660,4.579999923706055
661,4.639999866485596
662,4.659999847412109
663,4.579999923706055
664,4.590000152587891
665,4.460000038146973
666,4.190000057220459
667,4.199999809265137
668,4.199999809265137
669,4.170000076293945
670,4.170000076293945
671,4.230000019073486
672,4.329999923706055
673,4.369999885559082
674,4.289999961853027
675,4.300000190734863
676,4.28000020980835
677,4.28000020980835
678,4.260000228881836
679,4.289999961853027
680,4.320000171661377
681,4.320000171661377
682,4.340000152587891
683,4.409999847412109
684,4.429999828338623
685,4.329999923706055
686,4.239999771118164
687,4.210000038146973
688,4.239999771118164
689,4.239999771118164
690,4.269999980926514
691,4.260000228881836
692,4.289999961853027
693,4.269999980926514
694,4.409999847412109
695,4.349999904632568
696,4.320000171661377
697,4.300000190734863
698,4.329999923706055
699,4.289999961853027
700,4.309999942779541
701,4.309999942779541
702,4.329999923706055
703,4.260000228881836
704,4.289999961853027
705,4.289999961853027
706,4.289999961853027
707,4.389999866485596
708,4.409999847412109
709,4.369999885559082
710,4.28000020980835
711,4.320000171661377
712,4.159999847412109
713,4.130000114440918
714,4.110000133514404
715,4.050000190734863
716,4.090000152587891
717,4.199999809265137
718,4.119999885559082
719,4.139999866485596
720,4.21999979019165
721,4.269999980926514
722,4.300000190734863
723,4.179999828338623
724,4.429999828338623
725,4.539999961853027
726,4.5
727,4.440000057220459
728,4.389999866485596
729,4.389999866485596
730,4.309999942779541
731,4.289999961853027
732,4.28000020980835
733,4.269999980926514
734,4.289999961853027
735,4.269999980926514
736,4.320000171661377
737,4.309999942779541
738,4.389999866485596
739,4.349999904632568
740,4.309999942779541
741,4.53000020980835
742,4.659999847412109
743,4.579999923706055
744,4.570000171661377
745,4.699999809265137
746,4.78000020980835
747,4.570000171661377
748,4.380000114440918
749,4.449999809265137
750,4.53000020980835
751,4.550000190734863
752,4.659999847412109
753,4.949999809265137
754,4.920000076293945
755,5.400000095367432
756,5.119999885559082
757,5.050000190734863
758,4.900000095367432
759,4.71999979019165
760,4.590000152587891
761,4.639999866485596
762,4.920000076293945
763,5.059999942779541
764,4.949999809265137
765,4.889999866485596
766,4.840000152587891
767,4.940000057220459
768,4.690000057220459
769,4.679999828338623
770,4.659999847412109
771,4.570000171661377
772,4.71999979019165
773,4.690000057220459
774,4.599999904632568
775,4.639999866485596
776,4.670000076293945
777,4.639999866485596
778,4.389999866485596
779,4.380000114440918
780,4.360000133514404
781,4.28000020980835
782,4.420000076293945
783,4.480000019073486
784,4.349999904632568
785,4.320000171661377
786,4.400000095367432
787,5.230000019073486
788,4.809999942779541
789,4.920000076293945
790,5.03000020980835
791,4.960000038146973
792,4.840000152587891
793,4.800000190734863
794,4.71999979019165
795,4.800000190734863
796,4.849999904632568
797,4.849999904632568
798,4.889999866485596
799,5.010000228881836
800,4.96999979019165
801,5.25
802,5.25
803,5.349999904632568
804,5.300000190734863
805,5.170000076293945
806,5.059999942779541
807,5.130000114440918
808,5.090000152587891
809,5.019999980926514
810,5.050000190734863
811,5.039999961853027
812,5.019999980926514
813,5.039999961853027
814,5.010000228881836
815,5.010000228881836
816,5.010000228881836
817,5.03000020980835
818,5.0
819,5.010000228881836
820,4.989999771118164
821,5.139999866485596
822,5.050000190734863
823,5.039999961853027
824,5.0
825,4.980000019073486
826,4.940000057220459
827,4.929999828338623
828,4.800000190734863
829,4.630000114440918
830,4.679999828338623
831,4.659999847412109
832,4.699999809265137
833,4.710000038146973
834,4.78000020980835
835,4.880000114440918
836,4.900000095367432
837,4.75
838,4.849999904632568
839,4.800000190734863
840,4.710000038146973
841,4.809999942779541
842,4.760000228881836
843,4.760000228881836
844,4.639999866485596
845,4.639999866485596
846,4.639999866485596
847,4.579999923706055
848,4.53000020980835
849,4.639999866485596
850,4.610000133514404
851,4.679999828338623
852,4.619999885559082
853,4.610000133514404
854,4.639999866485596
855,4.730000019073486
856,4.71999979019165
857,4.630000114440918
858,4.670000076293945
859,4.690000057220459
860,4.690000057220459
861,4.730000019073486
862,4.679999828338623
863,4.559999942779541
864,4.510000228881836
865,4.559999942779541
866,4.519999980926514
867,4.340000152587891
868,4.360000133514404
869,4.369999885559082
870,4.289999961853027
871,4.28000020980835
872,4.289999961853027
873,4.300000190734863
874,4.210000038146973
875,4.090000152587891
876,4.110000133514404
877,4.070000171661377
878,4.110000133514404
879,4.210000038146973
880,4.110000133514404
881,3.9200000762939453
882,3.950000047683716
883,3.9700000286102295
884,3.940000057220459
885,4.0
886,3.9800000190734863
887,3.9000000953674316
888,3.9700000286102295
889,3.9600000381469727
890,3.9100000858306885
891,3.930000066757202
892,3.869999885559082
893,3.75
894,3.759999990463257
895,3.700000047683716
896,3.700000047683716
897,3.680000066757202
898,3.680000066757202
899,3.690000057220459
900,3.680000066757202
901,3.700000047683716
902,3.6500000953674316
903,3.559999942779541
904,3.5399999618530273
905,3.3299999237060547
906,3.25
907,3.240000009536743
908,3.2799999713897705
909,3.200000047683716
910,2.799999952316284
911,2.859999895095825
912,2.799999952316284
913,2.809999942779541
914,2.8499999046325684
915,2.859999895095825
916,2.9000000953674316
917,2.880000114440918
918,2.890000104904175
919,2.799999952316284
920,2.75
921,2.740000009536743
922,2.740000009536743
923,2.740000009536743
924,2.7200000286102295
925,2.690000057220459
926,2.7300000190734863
927,2.740000009536743
928,2.7300000190734863
929,2.7699999809265137
930,2.7100000381469727
931,2.680000066757202
932,2.680000066757202
933,2.640000104904175
934,2.640000104904175
935,2.5899999141693115
936,2.6700000762939453
937,2.7200000286102295
938,2.690000057220459
939,2.640000104904175
940,2.640000104904175
941,2.6700000762939453
942,2.509999990463257
943,2.5199999809265137
944,2.5999999046325684
945,2.5799999237060547
946,2.5199999809265137
947,2.5299999713897705
948,2.559999942779541
949,2.559999942779541
950,2.5
951,2.5
952,2.5
953,2.569999933242798
954,2.5199999809265137
955,2.5799999237060547
956,2.5199999809265137
957,2.5
958,2.5
959,2.5
960,2.5399999618530273
961,2.549999952316284
962,2.8499999046325684
963,2.7899999618530273
964,2.8399999141693115
965,2.9000000953674316
966,3.0999999046325684
967,3.0299999713897705
968,3.049999952316284
969,2.9200000762939453
970,2.940000057220459
971,2.9600000381469727
972,3.0
973,2.950000047683716
974,2.950000047683716
975,2.940000057220459
976,2.9700000286102295
977,3.009999990463257
978,2.9100000858306885
979,2.9000000953674316
980,2.9700000286102295
981,2.940000057220459
982,2.940000057220459
983,3.059999942779541
984,3.0199999809265137
985,3.0299999713897705
986,3.009999990463257
987,3.059999942779541
988,3.0799999237060547
989,3.0199999809265137
990,2.9600000381469727
991,2.890000104904175
992,2.930000066757202
993,3.049999952316284
994,3.0399999618530273
995,3.0
996,2.9800000190734863
997,3.009999990463257
998,2.9700000286102295
999,2.880000114440918
1000,2.630000114440918
1001,2.9700000286102295
1002,2.9200000762939453
1003,2.9000000953674316
1004,2.8499999046325684
1005,2.799999952316284
1006,2.9200000762939453
1007,3.0799999237060547
1008,3.049999952316284
1009,3.0199999809265137
1010,3.1700000762939453
1011,3.1700000762939453
1012,3.140000104904175
1013,3.109999895095825
1014,3.059999942779541
1015,3.0
1016,3.049999952316284
1017,2.950000047683716
1018,3.009999990463257
1019,2.9800000190734863
1020,3.0399999618530273
1021,3.0199999809265137
1022,3.049999952316284
1023,3.049999952316284
1024,3.0199999809265137
1025,3.0
1026,3.0
1027,3.0
1028,2.9800000190734863
1029,3.0399999618530273
1030,3.009999990463257
1031,3.0199999809265137
1032,3.0199999809265137
1033,3.0
1034,3.0199999809265137
1035,3.0299999713897705
1036,2.9800000190734863
1037,3.0299999713897705
1038,2.9800000190734863
1039,2.9800000190734863
1040,2.940000057220459
1041,2.890000104904175
1042,2.8499999046325684
1043,2.930000066757202
1044,2.930000066757202
1045,2.9100000858306885
1046,2.9000000953674316
1047,2.9000000953674316
1048,2.930000066757202
1049,2.9100000858306885
1050,2.9100000858306885
1051,2.890000104904175
1052,2.9100000858306885
1053,2.890000104904175
1054,2.890000104904175
1055,2.8399999141693115
1056,2.7899999618530273
1057,2.8399999141693115
1058,2.8499999046325684
1059,2.759999990463257
1060,2.7899999618530273
1061,2.8299999237060547
1062,2.819999933242798
1063,2.7699999809265137
1064,2.7699999809265137
1065,2.799999952316284
1066,2.75
1067,2.7799999713897705
1068,2.7300000190734863
1069,2.7300000190734863
1070,2.7899999618530273
1071,2.869999885559082
1072,2.8299999237060547
1073,2.859999895095825
1074,2.8399999141693115
1075,2.8399999141693115
1076,2.8299999237060547
1077,2.809999942779541
1078,2.7899999618530273
1079,2.7699999809265137
1080,2.740000009536743
1081,2.680000066757202
1082,2.7799999713897705
1083,2.740000009536743
1084,2.740000009536743
1085,2.8399999141693115
1086,2.700000047683716
1087,2.700000047683716
1088,2.7300000190734863
1089,2.7200000286102295
1090,2.75
1091,2.799999952316284
1092,2.7799999713897705
1093,2.819999933242798
1094,2.7899999618530273
1095,2.7899999618530273
1096,2.7799999713897705
1097,2.8399999141693115
1098,2.869999885559082
1099,3.0
1100,3.359999895095825
1101,3.4000000953674316
1102,3.450000047683716
1103,3.0799999237060547
1104,2.9200000762939453
1105,2.950000047683716
1106,2.890000104904175
1107,2.9100000858306885
1108,2.990000009536743
1109,2.950000047683716
1110,2.8399999141693115
1111,2.890000104904175
1112,2.869999885559082
1113,2.8299999237060547
1114,2.859999895095825
1115,2.880000114440918
1116,2.869999885559082
1117,2.880000114440918
1118,2.880000114440918
1119,2.869999885559082
1120,2.8499999046325684
1121,2.869999885559082
1122,2.890000104904175
1123,2.8499999046325684
1124,2.9000000953674316
1125,2.8499999046325684
1126,2.880000114440918
1127,2.8399999141693115
1128,2.869999885559082
1129,2.859999895095825
1130,2.8399999141693115
1131,2.859999895095825
1132,2.880000114440918
1133,2.930000066757202
1134,2.869999885559082
1135,2.8299999237060547
1136,2.869999885559082
1137,2.859999895095825
1138,2.8499999046325684
1139,2.859999895095825
1140,2.869999885559082
1141,2.859999895095825
1142,2.8399999141693115
1143,2.8299999237060547
1144,2.799999952316284
1145,2.799999952316284
1146,2.8299999237060547
1147,2.7699999809265137
1148,2.75
1149,2.7200000286102295
1150,2.819999933242798
1151,2.7699999809265137
1152,2.5999999046325684
1153,2.5799999237060547
1154,2.619999885559082
1155,2.5999999046325684
1156,2.619999885559082
1157,2.5999999046325684
1158,2.640000104904175
1159,2.630000114440918
1160,2.630000114440918
1161,2.630000114440918
1162,2.640000104904175
1163,2.6500000953674316
1164,2.6500000953674316
1165,2.630000114440918
1166,2.690000057220459
1167,2.75
1168,2.7200000286102295
1169,2.6600000858306885
1170,2.75
1171,2.740000009536743
1172,2.740000009536743
1173,2.7300000190734863
1174,2.7100000381469727
1175,2.7200000286102295
1176,2.740000009536743
1177,2.7100000381469727
1178,2.740000009536743
1179,2.690000057220459
1180,2.700000047683716
1181,2.7200000286102295
1182,2.7100000381469727
1183,2.700000047683716
1184,2.640000104904175
1185,2.690000057220459
1186,2.680000066757202
1187,2.680000066757202
1188,2.690000057220459
1189,2.700000047683716
1190,2.700000047683716
1191,2.700000047683716
1192,2.7200000286102295
1193,2.6600000858306885
1194,2.6500000953674316
1195,2.6700000762939453
1196,2.6500000953674316
1197,2.6700000762939453
1198,2.6600000858306885
1199,2.6600000858306885
1200,2.6600000858306885
1201,2.680000066757202
1202,2.6600000858306885
1203,2.6700000762939453
1204,2.6700000762939453
1205,2.7200000286102295
1206,2.7300000190734863
1207,2.950000047683716
1208,2.940000057220459
1209,2.950000047683716
1210,2.859999895095825
1211,2.799999952316284
1212,2.869999885559082
1213,2.819999933242798
1214,2.819999933242798
1215,2.8499999046325684
1216,2.8299999237060547
1217,2.859999895095825
1218,2.8399999141693115
1219,2.9100000858306885
1220,2.9600000381469727
1221,2.9600000381469727
1222,3.0999999046325684
1223,2.990000009536743
1224,2.9700000286102295
1225,2.9700000286102295
1226,2.930000066757202
1227,2.9200000762939453
1228,2.9200000762939453
1229,2.940000057220459
1230,2.880000114440918
1231,2.880000114440918
1232,2.880000114440918
1233,2.859999895095825
1234,2.8499999046325684
1235,2.8499999046325684
1236,2.819999933242798
1237,2.759999990463257
1238,2.75
1239,2.7200000286102295
1240,2.7300000190734863
1241,2.740000009536743
1242,2.7100000381469727
1243,2.7300000190734863
1244,2.7300000190734863
1245,2.7300000190734863
1246,2.740000009536743
1247,2.759999990463257
1248,2.7200000286102295
1249,2.7300000190734863
1250,2.7699999809265137
1251,2.759999990463257
1252,2.75
1253,2.740000009536743
1254,2.740000009536743
1255,2.7100000381469727
1256,2.7300000190734863
1257,2.7200000286102295
1258,2.7300000190734863
1259,2.690000057220459
1260,2.700000047683716
1261,2.7300000190734863
1262,2.740000009536743
1263,2.7200000286102295
1264,2.7300000190734863
1265,2.7799999713897705
1266,2.759999990463257
1267,2.7899999618530273
1268,2.799999952316284
1269,2.8399999141693115
1270,2.75
1271,2.7300000190734863
1272,2.75
1273,2.759999990463257
1274,2.7899999618530273
1275,2.7699999809265137
1276,2.7799999713897705
1277,2.75
1278,2.759999990463257
1279,2.75
1280,2.7100000381469727
1281,2.740000009536743
1282,2.7200000286102295
1283,2.7300000190734863
1284,2.7300000190734863
1285,2.740000009536743
1286,2.7300000190734863
1287,2.690000057220459
1288,2.680000066757202
1289,2.680000066757202
1290,2.619999885559082
1291,2.680000066757202
1292,2.6700000762939453
1293,2.6500000953674316
1294,2.680000066757202
1295,2.680000066757202
1296,2.6700000762939453
1297,2.6700000762939453
1298,2.680000066757202
1299,2.6700000762939453
1300,2.690000057220459
1301,2.6700000762939453
1302,2.700000047683716
1303,2.700000047683716
1304,2.674999952316284
1305,2.634999990463257
1306,2.700000047683716
1307,2.7300000190734863
1308,2.7049999237060547
1309,2.6649999618530273
1310,2.674999952316284
1311,2.680000066757202
1312,2.7100000381469727
1313,2.694999933242798
1314,2.7149999141693115
1315,2.734999895095825
1316,2.740000009536743
1317,2.734999895095825
1318,2.734999895095825
1319,2.7249999046325684
1320,2.734999895095825
1321,2.740000009536743
1322,2.7249999046325684
1323,2.7249999046325684
1324,2.7200000286102295
1325,2.7300000190734863
1326,2.7300000190734863
1327,2.740000009536743
1328,2.7300000190734863
1329,2.7300000190734863
1330,2.734999895095825
1331,2.7100000381469727
1332,2.7200000286102295
1333,2.7300000190734863
1334,2.7300000190734863
1335,2.740000009536743
1336,2.7149999141693115
1337,2.7300000190734863
1338,2.75
1339,2.734999895095825
1340,2.7249999046325684
1341,2.740000009536743
1342,2.755000114440918
1343,2.7899999618530273
1344,2.825000047683716
1345,3.0
1346,2.9200000762939453
1347,2.884999990463257
1348,2.9200000762939453
1349,2.940000057220459
1350,2.9549999237060547
1351,2.9549999237060547
1352,2.9749999046325684
1353,3.0
1354,2.9700000286102295
1355,2.9749999046325684
1356,2.875
1357,2.930000066757202
1358,2.944999933242798
1359,2.940000057220459
1360,2.9000000953674316
1361,2.869999885559082
1362,2.8949999809265137
1363,2.8949999809265137
1364,2.880000114440918
1365,3.049999952316284
1366,3.0299999713897705
1367,2.930000066757202
1368,2.9700000286102295
1369,2.9600000381469727
1370,2.950000047683716
1371,2.950000047683716
1372,2.934999942779541
1373,2.9549999237060547
1374,2.9749999046325684
1375,2.984999895095825
1376,2.9800000190734863
1377,2.9549999237060547
1378,2.9749999046325684
1379,2.990000009536743
1380,2.990000009536743
1381,3.0399999618530273
1382,3.069999933242798
1383,3.430000066757202
1384,3.3299999237060547
1385,3.3299999237060547
1386,3.3299999237060547
1387,3.25
1388,3.240000009536743
1389,3.240000009536743
1390,3.384999990463257
1391,3.4800000190734863
1392,3.4600000381469727
1393,3.4000000953674316
1394,3.359999895095825
1395,3.575000047683716
1396,3.509999990463257
1397,3.430000066757202
1398,3.4700000286102295
1399,3.494999885559082
1400,3.440000057220459
1401,3.5350000858306885
1402,3.4800000190734863
1403,3.5
1404,3.630000114440918
1405,3.630000114440918
1406,3.6050000190734863
1407,3.559999942779541
1408,3.569999933242798
1409,3.615000009536743
1410,3.6449999809265137
1411,3.75
1412,3.9800000190734863
1413,4.414999961853027
1414,4.28000020980835
1415,4.0
1416,3.8949999809265137
1417,3.759999990463257
1418,4.150000095367432
1419,4.159999847412109
1420,4.059999942779541
1421,4.073999881744385
1422,3.947999954223633
1423,3.802000045776367
1424,3.7960000038146973
1425,3.7880001068115234
1426,3.809999942779541
1427,3.9140000343322754
1428,3.8519999980926514
1429,3.8399999141693115
1430,3.6619999408721924
1431,3.677999973297119
1432,3.630000114440918
1433,3.6640000343322754
1434,3.7300000190734863
1435,3.684000015258789
1436,3.6619999408721924
1437,3.6519999504089355
1438,3.700000047683716
1439,3.74399995803833
1440,3.7980000972747803
1441,3.8440001010894775
1442,3.936000108718872
1443,3.9539999961853027
1444,3.996000051498413
1445,3.868000030517578
1446,3.8359999656677246
1447,3.9200000762939453
1448,3.864000082015991
1449,4.0
1450,4.059999942779541
1451,3.9260001182556152
1452,3.9779999256134033
1453,3.9079999923706055
1454,3.9660000801086426
1455,3.950000047683716
1456,3.9739999771118164
1457,4.058000087738037
1458,4.010000228881836
1459,4.02400016784668
1460,3.9779999256134033
1461,4.019999980926514
1462,3.9519999027252197
1463,4.0
1464,3.99399995803833
1465,3.98799991607666
1466,3.9800000190734863
1467,3.9679999351501465
1468,3.9600000381469727
1469,3.9860000610351562
1470,4.0
1471,4.099999904632568
1472,4.099999904632568
1473,4.070000171661377
1474,4.064000129699707
1475,4.010000228881836
1476,4.015999794006348
1477,4.0
1478,3.9779999256134033
1479,3.992000102996826
1480,3.99399995803833
1481,4.0
1482,4.111999988555908
1483,4.1579999923706055
1484,4.0320000648498535
1485,4.110000133514404
1486,4.111999988555908
1487,4.0960001945495605
1488,4.050000190734863
1489,4.0279998779296875
1490,4.039999961853027
1491,4.0320000648498535
1492,3.9679999351501465
1493,3.9839999675750732
1494,3.9839999675750732
1495,3.9800000190734863
1496,3.99399995803833
1497,4.001999855041504
1498,3.9820001125335693
1499,3.9779999256134033
1500,3.9579999446868896
1501,3.9539999961853027
1502,3.9719998836517334
1503,3.996000051498413
1504,3.9719998836517334
1505,4.052000045776367
1506,4.046000003814697
1507,3.992000102996826
1508,4.00600004196167
1509,4.010000228881836
1510,3.997999906539917
1511,3.885999917984009
1512,3.9240000247955322
1513,3.937999963760376
1514,3.931999921798706
1515,3.9739999771118164
1516,3.9660000801086426
1517,3.9739999771118164
1518,3.9560000896453857
1519,3.937999963760376
1520,3.950000047683716
1521,3.9119999408721924
1522,3.828000068664551
1523,3.808000087738037
1524,3.7679998874664307
1525,3.75600004196167
1526,3.700000047683716
1527,3.7019999027252197
1528,3.5160000324249268
1529,3.50600004196167
1530,3.5
1531,3.507999897003174
1532,3.859999895095825
1533,3.828000068664551
1534,3.812000036239624
1535,3.880000114440918
1536,3.871999979019165
1537,3.930000066757202
1538,3.9600000381469727
1539,3.9519999027252197
1540,3.9560000896453857
1541,3.990000009536743
1542,3.809999942779541
1543,3.881999969482422
1544,3.881999969482422
1545,3.871999979019165
1546,3.9000000953674316
1547,3.8259999752044678
1548,3.8519999980926514
1549,3.9519999027252197
1550,3.9159998893737793
1551,3.9000000953674316
1552,3.9000000953674316
1553,3.888000011444092
1554,3.861999988555908
1555,3.888000011444092
1556,3.874000072479248
1557,3.941999912261963
1558,3.931999921798706
1559,3.8940000534057617
1560,3.9100000858306885
1561,3.937999963760376
1562,4.013999938964844
1563,4.03000020980835
1564,3.9860000610351562
1565,3.9579999446868896
1566,3.9820001125335693
1567,4.0
1568,4.010000228881836
1569,4.013999938964844
1570,4.001999855041504
1571,3.9579999446868896
1572,3.997999906539917
1573,4.039999961853027
1574,4.026000022888184
1575,4.03000020980835
1576,4.01800012588501
1577,4.021999835968018
1578,4.0
1579,4.047999858856201
1580,4.03000020980835
1581,4.021999835968018
1582,4.013999938964844
1583,4.004000186920166
1584,3.992000102996826
1585,3.9739999771118164
1586,4.0
1587,4.001999855041504
1588,4.0
1589,4.0
1590,3.990000009536743
1591,4.070000171661377
1592,4.084000110626221
1593,4.188000202178955
1594,4.1579999923706055
1595,4.184000015258789
1596,4.165999889373779
1597,4.139999866485596
1598,4.197999954223633
1599,4.177999973297119
1600,4.173999786376953
1601,4.111999988555908
1602,4.072000026702881
1603,3.997999906539917
1604,4.052000045776367
1605,4.064000129699707
1606,4.079999923706055
1607,4.033999919891357
1608,4.0
1609,3.9200000762939453
1610,5.039999961853027
1611,5.070000171661377
1612,4.690000057220459
1613,4.831999778747559
1614,4.757999897003174
1615,4.7179999351501465
1616,4.730000019073486
1617,4.697999954223633
1618,4.679999828338623
1619,4.702000141143799
1620,4.636000156402588
1621,4.5
1622,4.466000080108643
1623,4.519999980926514
1624,4.495999813079834
1625,4.447999954223633
1626,4.314000129699707
1627,4.0879998207092285
1628,3.9019999504089355
1629,4.01800012588501
1630,4.058000087738037
1631,4.26200008392334
1632,4.190000057220459
1633,4.131999969482422
1634,3.944000005722046
1635,3.9760000705718994
1636,3.555999994277954
1637,3.555999994277954
1638,3.555999994277954
1639,3.799999952316284
1640,3.5139999389648438
1641,3.5399999618530273
1642,4.0980000495910645
1643,4.073999881744385
1644,4.1020002365112305
1645,4.064000129699707
1646,3.996000051498413
1647,3.7060000896453857
1648,3.819999933242798
1649,3.9679999351501465
1650,4.007999897003174
1651,4.067999839782715
1652,4.01200008392334
1653,4.007999897003174
1654,3.992000102996826
1655,4.0
1656,3.997999906539917
1657,3.990000009536743
1658,4.0320000648498535
1659,3.990000009536743
1660,3.98799991607666
1661,3.997999906539917
1662,3.992000102996826
1663,4.0
1664,3.992000102996826
1665,4.0
1666,3.997999906539917
1667,3.990000009536743
1668,4.001999855041504
1669,3.997999906539917
1670,4.00600004196167
1671,3.996000051498413
1672,4.007999897003174
1673,4.010000228881836
1674,4.004000186920166
1675,4.0
1676,3.9600000381469727
1677,3.9700000286102295
1678,4.0
1679,3.997999906539917
1680,4.0320000648498535
1681,4.026000022888184
1682,4.03000020980835
1683,4.056000232696533
1684,4.001999855041504
1685,4.0
1686,4.0320000648498535
1687,4.02400016784668
1688,4.0
1689,4.0
1690,4.019999980926514
1691,4.0320000648498535
1692,4.199999809265137
1693,4.079999923706055
1694,4.021999835968018
1695,4.081999778747559
1696,4.050000190734863
1697,4.136000156402588
1698,4.064000129699707
1699,4.107999801635742
1700,4.053999900817871
1701,4.015999794006348
1702,4.076000213623047
1703,4.064000129699707
1704,4.107999801635742
1705,4.035999774932861
1706,4.00600004196167
1707,4.010000228881836
1708,4.041999816894531
1709,4.007999897003174
1710,4.007999897003174
1711,4.015999794006348
1712,4.0
1713,4.113999843597412
1714,4.01200008392334
1715,4.013999938964844
1716,4.070000171661377
1717,4.044000148773193
1718,4.02400016784668
1719,4.230000019073486
1720,5.24399995803833
1721,4.567999839782715
1722,4.492000102996826
1723,4.478000164031982
1724,4.447999954223633
1725,4.466000080108643
1726,4.618000030517578
1727,4.573999881744385
1728,4.590000152587891
1729,4.559999942779541
1730,4.757999897003174
1731,4.699999809265137
1732,4.533999919891357
1733,4.5
1734,4.559999942779541
1735,4.460000038146973
1736,4.480000019073486
1737,4.46999979019165
1738,4.461999893188477
1739,4.440000057220459
1740,4.478000164031982
1741,4.4720001220703125
1742,4.460000038146973
1743,4.372000217437744
1744,4.388000011444092
1745,4.383999824523926
1746,4.315999984741211
1747,4.269999980926514
1748,4.400000095367432
1749,4.400000095367432
1750,4.409999847412109
1751,4.375999927520752
1752,4.380000114440918
1753,4.4039998054504395
1754,4.3480000495910645
1755,4.388000011444092
1756,4.3420000076293945
1757,4.202000141143799
1758,4.1539998054504395
1759,4.067999839782715
1760,4.159999847412109
1761,4.118000030517578
1762,4.144000053405762
1763,4.2179999351501465
1764,4.26800012588501
1765,4.320000171661377
1766,4.239999771118164
1767,4.236000061035156
1768,4.130000114440918
1769,4.138000011444092
1770,4.168000221252441
1771,4.110000133514404
1772,4.133999824523926
1773,4.197999954223633
1774,4.165999889373779
1775,4.21999979019165
1776,4.202000141143799
1777,4.289999961853027
1778,4.354000091552734
1779,4.26800012588501
1780,4.179999828338623
1781,4.190000057220459
1782,4.177999973297119
1783,4.065999984741211
1784,4.136000156402588
1785,4.105999946594238
1786,4.105999946594238
1787,4.105999946594238
1788,4.283999919891357
1789,4.26200008392334
1790,4.199999809265137
1791,4.25600004196167
1792,4.26800012588501
1793,4.28000020980835
1794,4.214000225067139
1795,4.289999961853027
1796,4.190000057220459
1797,4.165999889373779
1798,4.203999996185303
1799,4.294000148773193
1800,4.360000133514404
1801,4.363999843597412
1802,4.3979997634887695
1803,4.395999908447266
1804,4.406000137329102
1805,4.423999786376953
1806,4.550000190734863
1807,4.823999881744385
1808,4.820000171661377
1809,4.783999919891357
1810,4.76200008392334
1811,4.763999938964844
1812,4.811999797821045
1813,4.757999897003174
1814,4.949999809265137
1815,5.104000091552734
1816,5.0
1817,5.24399995803833
1818,5.124000072479248
1819,5.093999862670898
1820,5.02400016784668
1821,5.03000020980835
1822,4.960000038146973
1823,5.044000148773193
1824,5.230000019073486
1825,5.199999809265137
1826,5.113999843597412
1827,5.053999900817871
1828,5.050000190734863
1829,5.010000228881836
1830,5.056000232696533
1831,5.01800012588501
1832,4.980000019073486
1833,4.998000144958496
1834,4.998000144958496
1835,4.835999965667725
1836,5.190000057220459
1837,5.400000095367432
1838,5.429999828338623
1839,5.2779998779296875
1840,5.328000068664551
1841,5.302000045776367
1842,5.289999961853027
1843,5.289999961853027
1844,5.297999858856201
1845,5.079999923706055
1846,5.145999908447266
1847,5.329999923706055
1848,5.251999855041504
1849,5.248000144958496
1850,5.24399995803833
1851,5.170000076293945
1852,5.25
1853,5.400000095367432
1854,5.630000114440918
1855,7.093999862670898
1856,6.170000076293945
1857,6.28000020980835
1858,6.0879998207092285
1859,5.986000061035156
1860,6.320000171661377
1861,6.541999816894531
1862,6.320000171661377
1863,6.363999843597412
1864,6.395999908447266
1865,6.210000038146973
1866,6.050000190734863
1867,6.1020002365112305
1868,6.0960001945495605
1869,6.369999885559082
1870,6.230000019073486
1871,6.242000102996826
1872,6.150000095367432
1873,6.119999885559082
1874,6.138000011444092
1875,6.059999942779541
1876,6.093999862670898
1877,6.007999897003174
1878,6.099999904632568
1879,6.130000114440918
1880,6.340000152587891
1881,6.334000110626221
1882,6.291999816894531
1883,6.303999900817871
1884,6.065999984741211
1885,6.070000171661377
1886,6.044000148773193
1887,6.139999866485596
1888,6.090000152587891
1889,6.044000148773193
1890,6.110000133514404
1891,6.22599983215332
1892,6.199999809265137
1893,6.1579999923706055
1894,6.1579999923706055
1895,6.203999996185303
1896,6.193999767303467
1897,6.26800012588501
1898,6.400000095367432
1899,6.208000183105469
1900,6.228000164031982
1901,6.21999979019165
1902,6.300000190734863
1903,6.361999988555908
1904,6.51800012588501
1905,6.644000053405762
1906,6.6479997634887695
1907,6.665999889373779
1908,6.8420000076293945
1909,6.863999843597412
1910,7.0279998779296875
1911,7.127999782562256
1912,7.245999813079834
1913,6.769999980926514
1914,6.868000030517578
1915,6.883999824523926
1916,6.892000198364258
1917,6.926000118255615
1918,6.811999797821045
1919,6.75
1920,6.789999961853027
1921,6.754000186920166
1922,6.855000019073486
1923,7.005000114440918
1924,6.925000190734863
1925,6.965000152587891
1926,6.889999866485596
1927,6.864999771118164
1928,6.860000133514404
1929,6.900000095367432
1930,6.869999885559082
1931,6.965000152587891
1932,6.96999979019165
1933,6.909999847412109
1934,6.889999866485596
1935,6.849999904632568
1936,6.835000038146973
1937,6.869999885559082
1938,6.864999771118164
1939,6.730000019073486
1940,6.71999979019165
1941,6.784999847412109
1942,6.735000133514404
1943,6.800000190734863
1944,6.855000019073486
1945,7.204999923706055
1946,7.429999828338623
1947,7.429999828338623
1948,7.349999904632568
1949,7.195000171661377
1950,7.195000171661377
1951,7.139999866485596
1952,7.135000228881836
1953,7.045000076293945
1954,7.0
1955,6.900000095367432
1956,6.949999809265137
1957,6.900000095367432
1958,6.880000114440918
1959,6.764999866485596
1960,6.929999828338623
1961,6.869999885559082
1962,6.815000057220459
1963,6.889999866485596
1964,6.980000019073486
1965,7.039999961853027
1966,7.034999847412109
1967,6.929999828338623
1968,6.929999828338623
1969,6.820000171661377
1970,6.949999809265137
1971,6.960000038146973
1972,6.909999847412109
1973,7.059999942779541
1974,7.0
1975,6.900000095367432
1976,6.804999828338623
1977,6.909999847412109
1978,6.945000171661377
1979,6.945000171661377
1980,6.940000057220459
1981,6.945000171661377
1982,6.949999809265137
1983,6.860000133514404
1984,6.869999885559082
1985,6.860000133514404
1986,6.869999885559082
1987,6.864999771118164
1988,7.15500020980835
1989,7.170000076293945
1990,7.300000190734863
1991,7.295000076293945
1992,7.130000114440918
1993,7.099999904632568
1994,7.059999942779541
1995,7.215000152587891
1996,7.170000076293945
1997,7.184999942779541
1998,7.119999885559082
1999,7.400000095367432
2000,8.300000190734863
2001,7.795000076293945
2002,7.744999885559082
2003,8.220000267028809
2004,8.574999809265137
2005,9.449999809265137
2006,9.600000381469727
2007,8.875
2008,9.145000457763672
2009,9.145000457763672
2010,8.699999809265137
2011,11.385000228881836
2012,10.9350004196167
2013,12.90999984741211
2014,15.800000190734863
2015,15.484999656677246
2016,14.404999732971191
2017,12.454999923706055
2018,13.039999961853027
2019,13.640000343322754
2020,13.640000343322754
2021,12.484999656677246
2022,12.8100004196167
2023,12.890000343322754
2024,13.300000190734863
2025,13.045000076293945
2026,13.279999732971191
2027,13.994999885559082
2028,14.100000381469727
2029,14.649999618530273
2030,14.770000457763672
2031,16.15999984741211
2032,16.094999313354492
2033,15.510000228881836
2034,15.345000267028809
2035,15.039999961853027
2036,15.649999618530273
2037,16.040000915527344
2038,15.755000114440918
2039,15.449999809265137
2040,14.994999885559082
2041,15.175000190734863
2042,15.015000343322754
2043,14.949999809265137
2044,14.699999809265137
2045,14.555000305175781
2046,14.59000015258789
2047,14.045000076293945
2048,13.699999809265137
2049,13.074999809265137
2050,12.699999809265137
2051,14.404999732971191
2052,13.765000343322754
2053,13.725000381469727
2054,13.289999961853027
2055,13.1899995803833
2056,13.225000381469727
2057,13.225000381469727
2058,12.850000381469727
2059,12.994999885559082
2060,12.954999923706055
2061,12.904999732971191
2062,12.96500015258789
2063,12.949999809265137
2064,12.824999809265137
2065,11.819999694824219
2066,12.024999618530273
2067,12.3149995803833
2068,12.319999694824219
2069,11.994999885559082
2070,11.880000114440918
2071,11.819999694824219
2072,11.824999809265137
2073,11.824999809265137
2074,11.760000228881836
2075,11.699999809265137
2076,11.699999809265137
2077,11.640000343322754
2078,11.25
2079,11.390000343322754
2080,11.164999961853027
2081,10.364999771118164
2082,9.699999809265137
2083,10.59000015258789
2084,10.375
2085,10.375
2086,10.329999923706055
2087,10.994999885559082
2088,11.395000457763672
2089,11.149999618530273
2090,11.585000038146973
2091,11.220000267028809
2092,11.220000267028809
2093,11.335000038146973
2094,11.569999694824219
2095,11.854999542236328
2096,12.069999694824219
2097,11.875
2098,12.460000038146973
2099,13.614999771118164
2100,14.899999618530273
2101,13.65999984741211
2102,13.25
2103,12.390000343322754
2104,12.390000343322754
2105,11.350000381469727
2106,12.0600004196167
2107,11.65999984741211
2108,11.395000457763672
2109,11.039999961853027
2110,11.5
2111,11.520000457763672
2112,11.5
2113,11.5
2114,11.399999618530273
2115,11.630000114440918
2116,11.25
2117,11.399999618530273
2118,11.319999694824219
2119,11.529999732971191
2120,12.350000381469727
2121,12.154999732971191
2122,12.194999694824219
2123,11.765000343322754
2124,11.944999694824219
2125,12.244999885559082
2126,11.619999885559082
2127,11.460000038146973
2128,9.78499984741211
2129,10.220000267028809
2130,10.220000267028809
2131,7.150000095367432
2132,7.150000095367432
2133,7.150000095367432
2134,9.194999694824219
2135,9.920000076293945
2136,9.9399995803833
2137,10.069999694824219
2138,10.210000038146973
2139,10.135000228881836
2140,9.875
2141,9.550000190734863
2142,13.354999542236328
2143,13.354999542236328
2144,13.029999732971191
2145,12.78499984741211
2146,12.774999618530273
2147,12.84000015258789
2148,12.475000381469727
2149,12.484999656677246
2150,12.170000076293945
2151,11.835000038146973
2152,11.614999771118164
2153,11.154999732971191
2154,11.154999732971191
2155,11.380000114440918
2156,11.454999923706055
2157,11.364999771118164
2158,11.289999961853027
2159,10.680000305175781
2160,10.824999809265137
2161,10.640000343322754
2162,11.074999809265137
2163,10.699999809265137
2164,10.789999961853027
2165,10.824999809265137
2166,10.895000457763672
2167,10.805000305175781
2168,10.734999656677246
2169,10.734999656677246
2170,10.734999656677246
2171,10.734999656677246
2172,10.205
2173,10.305
2174,10.18
2175,10.2
2176,10.145
2177,10.07
2178,9.8
2179,10.52
2180,10.185
2181,10.035
2182,10.32
2183,10.38
2184,10.37
2185,10.365
2186,10.285
2187,10.265
2188,10.2
2189,10.16
2190,10.195
2191,10.225
2192,10.22
2193,10.3
2194,10.25
2195,10.36
2196,10.21
2197,10.04
2198,10.18
2199,10.02
2200,10.06
2201,10.06
2202,10.04
2203,10.02
2204,10.105
2205,9.9
2206,9.785
2207,9.7
2208,9.75
2209,9.755
2210,9.73
2211,9.325
2212,9.27
2213,9.015
2214,9.07
2215,9.23
2216,9.18
2217,9.12
2218,9.12
2219,9.3
2220,9.165
2221,9.105
2222,8.97
2223,8.68
2224,8.76
2225,9.47
2226,9.25
2227,9.47
2228,9.325
2229,9.43
2230,9.46
2231,9.61
2232,10.02
2233,9.885
2234,9.82
2235,10.2
2236,10.25
2237,10.05
2238,10.16
2239,10.1
2240,10.235
2241,10.885
2242,11.005
2243,10.82
2244,11.095
2245,10.675
2246,10.795
2247,10.86
2248,10.745
2249,10.86
2250,11.0
2251,11.285
2252,11.145
2253,10.885
2254,10.875
2255,9.75
2256,10.825
2257,10.49
2258,9.45
2259,8.0
2260,7.805
2261,8.09
2262,7.865
2263,7.75
2264,8.395
2265,8.65
2266,8.37
2267,8.515
2268,7.84
2269,8.1
2270,8.385
2271,8.565
2272,8.575
2273,8.505
2274,8.695
2275,8.67
2276,8.38
2277,8.55
2278,8.555
2279,8.645
2280,8.685
2281,8.735
2282,9.195
2283,9.045
2284,9.01
2285,9.375
2286,9.19
2287,9.15
2288,9.295
2289,9.2
2290,9.205
2291,9.225
2292,9.095
2293,9.14
2294,9.23
2295,9.22
2296,9.235
2297,9.235
2298,9.21
2299,9.25
2300,9.23
2301,9.165
2302,9.135
2303,9.155
2304,9.25
2305,9.355
2306,9.33
2307,9.34
2308,9.4
2309,9.28
2310,9.23
2311,9.185
2312,9.11
2313,9.17
2314,9.3
2315,9.195
2316,9.05
2317,9.095
2318,9.055
2319,9.16
2320,9.285
2321,9.185
2322,9.29
2323,9.26
2324,9.21
2325,12.895
2326,10.61
2327,10.1
2328,10.45
2329,10.485
2330,10.645
2331,10.555
2332,10.455
2333,10.67
2334,10.705
2335,10.88
2336,11.0
2337,11.1
2338,10.815
2339,10.995
2340,10.775
2341,10.72
2342,10.925
2343,10.9
2344,10.905
2345,11.17
2346,11.3
2347,11.615
2348,11.87
2349,11.72
2350,11.7
2351,11.63
2352,11.965
2353,11.865
2354,23.445
2355,16.65
2356,14.55
2357,16.055
2358,15.03
2359,14.32
2360,14.555
2361,15.395
2362,14.74
2363,15.4
2364,15.5
2365,15.695
2366,15.87
2367,17.27
2368,18.695
2369,17.41
2370,21.735
2371,23.16
2372,22.09
2373,22.205
2374,21.615
2375,21.46
2376,21.08
2377,21.275
2378,21.585
2379,21.29
2380,21.085
2381,21.45
2382,25.14
2383,25.44
2384,24.615
2385,25.405
2386,25.465
2387,27.94
2388,28.14
2389,26.99
2390,28.7
2391,28.39
2392,28.2
2393,29.12
2394,29.1
2395,29.23
2396,28.885
2397,29.05
2398,28.955
2399,29.135
2400,29.405
2401,29.285
2402,28.72
2403,28.455
2404,27.755
2405,27.92
2406,27.76
2407,27.39
2408,26.515
2409,25.75
2410,23.275
2411,22.84
2412,23.5
2413,23.42
2414,23.085
2415,23.85
2416,26.01
2417,25.335
2418,26.325
2419,26.115
2420,26.77
2421,26.06
2422,25.24
2423,24.53
2424,24.23
2425,24.085
2426,23.6
2427,24.535
2428,24.7
2429,24.4
2430,24.57
2431,24.36
2432,24.03
2433,23.85
2434,23.78
2435,25.025
2436,24.455
2437,24.125
2438,24.465
2439,24.7
2440,24.465
2441,24.55
2442,24.425
2443,25.11
2444,25.585
2445,25.265
2446,24.64
2447,24.365
2448,24.45
2449,24.65
2450,24.53
2451,24.325
2452,24.36
2453,24.13
2454,24.58
2455,24.405
2456,24.205
2457,24.325
2458,24.33
2459,24.745
2460,24.595
2461,24.92
2462,24.965
2463,26.35
2464,26.0
2465,29.285
2466,28.555
2467,29.18
2468,28.995
2469,28.6
2470,29.91
2471,30.14
2472,30.8
2473,30.585
2474,31.36
2475,31.4
2476,30.18
2477,30.85
2478,30.255
2479,31.5
2480,33.0
2481,32.81
2482,31.55
2483,32.845
2484,30.985
2485,32.15
2486,32.91
2487,33.25
2488,32.655
2489,31.995
2490,31.995
2491,32.93
2492,33.96
2493,33.53
2494,33.62
2495,35.555
2496,35.3
2497,35.5
2498,36.3
2499,35.63
2500,38.0
2501,37.305
2502,39.29
2503,38.68
2504,37.855
2505,32.3
2506,36.65
2507,36.8
2508,35.575
2509,34.2
2510,31.335
2511,32.15
2512,33.1
2513,32.71
2514,32.925
2515,33.545
2516,33.1
2517,32.785
2518,32.035
2519,32.405
2520,32.06
2521,31.8
2522,32.85
2523,33.045
2524,32.44
2525,31.99
2526,31.955
2527,31.945
2528,32.3
2529,32.45
2530,32.44
2531,32.215
2532,32.06
2533,32.095
2534,32.2
2535,32.93
2536,32.265
2537,32.32
2538,32.21
2539,32.325
2540,32.225
2541,31.985
2542,33.685
2543,33.29
2544,33.3
2545,32.74
2546,32.25
2547,31.055
2548,26.76
2549,29.595
2550,29.29
2551,29.39
2552,29.065
2553,28.375
2554,28.79
2555,28.15
2556,27.9
2557,26.715
2558,27.33
2559,27.48
2560,26.805
2561,25.95
2562,23.505
2563,23.0
2564,22.75
2565,22.9
2566,22.775
2567,22.3
2568,22.485
2569,22.515
2570,22.215
2571,23.5
2572,24.765
2573,25.18
2574,25.695
2575,25.06
2576,25.505
2577,26.035
2578,31.395
2579,30.265
2580,28.65
2581,28.255
2582,28.96
2583,30.16
2584,29.58
2585,30.4
2586,30.93
2587,30.54
2588,30.615
2589,30.5
2590,31.02
2591,30.615
2592,30.92
2593,30.87
2594,30.505
2595,30.735
2596,30.65
2597,30.695
2598,30.695
2599,30.44
2600,30.96
2601,31.24
2602,31.195
2603,30.745
2604,31.33
2605,31.53
2606,31.25
2607,31.575
2608,30.95
2609,30.26
2610,29.59
2611,29.91
2612,29.875
2613,29.725
2614,29.745
2615,28.995
2616,28.23
2617,26.79
2618,27.1
2619,28.485
2620,28.085
2621,27.8
2622,28.175
2623,28.0
2624,28.51
2625,28.55
2626,28.72
2627,28.32
2628,28.35
2629,27.9
2630,27.265
2631,26.885
2632,26.945
2633,27.2
2634,26.81
2635,26.835
2636,27.105
2637,27.025
2638,26.92
2639,27.215
2640,26.89
2641,26.81
2642,26.885
2643,28.12
2644,27.785
2645,28.19
2646,28.225
2647,28.795
2648,28.7
2649,28.26
2650,28.255
2651,28.07
2652,28.105
2653,28.18
2654,28.0
2655,28.335
2656,29.395
2657,28.9
2658,31.195
2659,29.615
2660,29.08
2661,28.625
2662,29.485
2663,28.935
2664,29.64
2665,29.25
2666,29.04
2667,29.035
2668,28.78
2669,29.17
2670,28.925
2671,28.855
2672,28.595
2673,28.54
2674,28.3
2675,27.635
2676,27.67
2677,27.07
2678,26.6
2679,27.395
2680,27.585
2681,26.75
2682,25.47
2683,25.82
2684,25.86
2685,25.76
2686,24.06
2687,22.6
2688,23.535
2689,23.965
2690,24.065
2691,25.25
2692,25.285
2693,25.4
2694,24.925
2695,25.135
2696,25.205
2697,25.3
2698,23.5
2699,23.995
2700,23.965
2701,23.81
2702,23.32
2703,23.51
2704,23.48
2705,23.18
2706,23.325
2707,23.83
2708,23.355
2709,22.905
2710,22.555
2711,22.405
2712,21.175
2713,18.8
2714,20.15
