,VRSB
0,16.0
1,16.0
2,16.0
3,16.0
4,16.0
5,16.0
6,16.0
7,15.670000076293945
8,15.670000076293945
9,15.800000190734863
10,15.5
11,15.5
12,15.5
13,15.5
14,15.5
15,15.5
16,16.0
17,16.0
18,16.0
19,16.0
20,16.0
21,16.0
22,16.0
23,17.099000930786133
24,16.899999618530273
25,16.899999618530273
26,16.899999618530273
27,16.899999618530273
28,16.899999618530273
29,16.899999618530273
30,16.899999618530273
31,16.899999618530273
32,16.899999618530273
33,16.0
34,16.0
35,16.0
36,16.0
37,16.0
38,16.0
39,16.0
40,16.0
41,16.0
42,16.0
43,16.0
44,16.0
45,16.0
46,16.0
47,16.0
48,16.0
49,16.0
50,16.0
51,16.0
52,16.549999237060547
53,16.549999237060547
54,16.549999237060547
55,16.549999237060547
56,16.549999237060547
57,16.549999237060547
58,16.5
59,14.5
60,14.5
61,14.5
62,14.5
63,16.00200080871582
64,16.00200080871582
65,16.00200080871582
66,16.00200080871582
67,16.299999237060547
68,16.299999237060547
69,14.300000190734863
70,14.300000190734863
71,14.300000190734863
72,14.300000190734863
73,14.300000190734863
74,14.300000190734863
75,14.300000190734863
76,14.300000190734863
77,14.300000190734863
78,16.1200008392334
79,16.1200008392334
80,16.450000762939453
81,16.1200008392334
82,16.1200008392334
83,16.121000289916992
84,16.121000289916992
85,16.121000289916992
86,16.121000289916992
87,16.121000289916992
88,16.121000289916992
89,16.121000289916992
90,16.121000289916992
91,16.121000289916992
92,16.121000289916992
93,16.121000289916992
94,16.121000289916992
95,16.121000289916992
96,16.121000289916992
97,16.121000289916992
98,16.121000289916992
99,16.121000289916992
100,16.121000289916992
101,16.121000289916992
102,16.850000381469727
103,16.850000381469727
104,16.850000381469727
105,16.950000762939453
106,16.350000381469727
107,16.149999618530273
108,16.149999618530273
109,16.149999618530273
110,16.149999618530273
111,16.149999618530273
112,16.149999618530273
113,16.149999618530273
114,16.149999618530273
115,16.149999618530273
116,16.149999618530273
117,16.149999618530273
118,16.149999618530273
119,16.149999618530273
120,16.149999618530273
121,16.149999618530273
122,16.149999618530273
123,16.149999618530273
124,16.149999618530273
125,16.149999618530273
126,16.149999618530273
127,16.149999618530273
128,16.149999618530273
129,16.149999618530273
130,16.149999618530273
131,16.149999618530273
132,16.149999618530273
133,16.149999618530273
134,13.5
135,13.5
136,13.5
137,13.5
138,13.777000427246094
139,13.777000427246094
140,13.777000427246094
141,13.777000427246094
142,13.777000427246094
143,13.777000427246094
144,12.600000381469727
145,12.510000228881836
146,12.510000228881836
147,12.510000228881836
148,12.510000228881836
149,14.5
150,14.5
151,14.5
152,14.5
153,14.5
154,14.5
155,14.5
156,14.5
157,14.5
158,14.5
159,14.5
160,14.5
161,14.5
162,14.5
163,16.0
164,16.0
165,17.440000534057617
166,17.440000534057617
167,17.440000534057617
168,17.440000534057617
169,17.440000534057617
170,17.440000534057617
171,17.440000534057617
172,17.440000534057617
173,17.440000534057617
174,17.440000534057617
175,17.440000534057617
176,17.440000534057617
177,17.440000534057617
178,17.440000534057617
179,17.440000534057617
180,17.440000534057617
181,17.440000534057617
182,17.440000534057617
183,17.440000534057617
184,17.440000534057617
185,17.440000534057617
186,17.440000534057617
187,17.440000534057617
188,17.440000534057617
189,17.440000534057617
190,17.440000534057617
191,17.440000534057617
192,17.440000534057617
193,17.440000534057617
194,17.440000534057617
195,17.440000534057617
196,18.0
197,18.0
198,18.0
199,18.0
200,18.0
201,18.0
202,23.600000381469727
203,23.600000381469727
204,23.600000381469727
205,23.600000381469727
206,23.600000381469727
207,23.600000381469727
208,23.600000381469727
209,23.600000381469727
210,23.600000381469727
211,23.600000381469727
212,23.600000381469727
213,23.600000381469727
214,23.600000381469727
215,15.0
216,15.0
217,15.0
218,15.0
219,15.0
220,15.0
221,15.0
222,15.0
223,15.0
224,15.0
225,15.0
226,15.0
227,15.0
228,15.0
229,15.0
230,17.0
231,17.0
232,17.0
233,17.0
234,17.0
235,17.0
236,17.0
237,17.0
238,19.0
239,19.0
240,19.0
241,19.0
242,19.0
243,19.0
244,19.0
245,19.0
246,19.0
247,19.0
248,19.0
249,17.0
250,19.0
251,19.0
252,19.0
253,19.0
254,19.0
255,19.0
256,19.0
257,19.0
258,19.0
259,19.0
260,19.0
261,19.0
262,19.0
263,19.0
264,19.0
265,19.0
266,19.0
267,19.0
268,19.0
269,19.0
270,19.0
271,19.0
272,19.0
273,19.0
274,19.0
275,19.0
276,19.0
277,19.0
278,19.0
279,17.75
280,17.75
281,17.75
282,17.75
283,17.75
284,17.75
285,17.75
286,17.75
287,12.0
288,12.0
289,12.25
290,16.350000381469727
291,14.0
292,12.100000381469727
293,12.100000381469727
294,12.100000381469727
295,12.100000381469727
296,12.100000381469727
297,16.0
298,16.0
299,16.0
300,16.0
301,16.0
302,16.0
303,11.5
304,11.5
305,11.5
306,11.5
307,11.5
308,18.149999618530273
309,19.0
310,19.0
311,19.0
312,19.0
313,19.0
314,19.0
315,19.0
316,19.0
317,19.0
318,19.0
319,19.0
320,19.0
321,19.0
322,16.0
323,16.0
324,16.0
325,22.0
326,22.549999237060547
327,22.549999237060547
328,16.0
329,16.0
330,16.0
331,16.0
332,16.0
333,16.0
334,16.0
335,16.0
336,16.0
337,16.0
338,16.0
339,16.0
340,16.0
341,16.0
342,16.0
343,16.0
344,16.0
345,16.0
346,16.0
347,16.0
348,16.0
349,16.0
350,16.0
351,16.0
352,16.0
353,16.0
354,16.0
355,16.0
356,16.0
357,16.0
358,16.0
359,16.0
360,16.0
361,16.0
362,16.0
363,16.0
364,16.0
365,16.0
366,16.0
367,16.0
368,16.0
369,16.0
370,16.0
371,16.0
372,16.0
373,16.0
374,16.0
375,16.0
376,16.0
377,16.0
378,14.0
379,14.0
380,14.0
381,14.0
382,14.0
383,14.0
384,14.0
385,14.0
386,14.0
387,14.0
388,14.0
389,14.0
390,14.0
391,14.0
392,14.0
393,14.0
394,14.0
395,14.0
396,14.0
397,14.0
398,14.0
399,12.300000190734863
400,12.300000190734863
401,12.300000190734863
402,12.300000190734863
403,12.300000190734863
404,12.300000190734863
405,12.300000190734863
406,12.300000190734863
407,12.300000190734863
408,12.300000190734863
409,12.300000190734863
410,12.300000190734863
411,12.300000190734863
412,12.300000190734863
413,12.300000190734863
414,12.300000190734863
415,12.300000190734863
416,12.300000190734863
417,12.300000190734863
418,12.300000190734863
419,12.300000190734863
420,12.300000190734863
421,12.300000190734863
422,12.300000190734863
423,12.300000190734863
424,12.300000190734863
425,12.300000190734863
426,12.300000190734863
427,12.300000190734863
428,12.300000190734863
429,12.300000190734863
430,12.300000190734863
431,12.300000190734863
432,12.300000190734863
433,12.300000190734863
434,12.300000190734863
435,12.300000190734863
436,12.300000190734863
437,12.300000190734863
438,12.300000190734863
439,12.300000190734863
440,12.300000190734863
441,12.300000190734863
442,12.300000190734863
443,12.300000190734863
444,12.300000190734863
445,12.300000190734863
446,12.300000190734863
447,16.0
448,16.0
449,16.0
450,16.0
451,16.0
452,16.0
453,16.0
454,16.0
455,16.0
456,16.0
457,16.0
458,16.0
459,16.0
460,16.0
461,16.0
462,16.0
463,16.0
464,16.0
465,16.0
466,16.0
467,16.0
468,16.0
469,16.0
470,16.0
471,16.0
472,19.049999237060547
473,19.049999237060547
474,19.049999237060547
475,19.049999237060547
476,19.049999237060547
477,19.049999237060547
478,19.049999237060547
479,19.049999237060547
480,19.049999237060547
481,19.049999237060547
482,19.049999237060547
483,19.049999237060547
484,19.049999237060547
485,19.049999237060547
486,16.100000381469727
487,16.100000381469727
488,16.100000381469727
489,16.100000381469727
490,16.100000381469727
491,13.699999809265137
492,13.699999809265137
493,13.699999809265137
494,13.699999809265137
495,15.5
496,15.5
497,15.5
498,15.5
499,15.5
500,15.5
501,15.5
502,15.5
503,16.0
504,16.0
505,16.0
506,16.0
507,17.0
508,17.0
509,17.0
510,17.0
511,17.0
512,17.0
513,17.75
514,17.75
515,17.75
516,17.75
517,17.75
518,17.75
519,17.75
520,17.75
521,17.75
522,17.75
523,17.75
524,17.75
525,17.75
526,17.75
527,17.75
528,17.75
529,17.75
530,17.75
531,17.75
532,17.75
533,17.75
534,17.75
535,17.75
536,17.75
537,17.75
538,17.75
539,17.75
540,17.75
541,17.75
542,17.75
543,19.149999618530273
544,19.149999618530273
545,19.149999618530273
546,19.149999618530273
547,19.149999618530273
548,19.149999618530273
549,19.149999618530273
550,19.149999618530273
551,19.149999618530273
552,19.149999618530273
553,19.149999618530273
554,19.149999618530273
555,19.149999618530273
556,19.149999618530273
557,19.149999618530273
558,19.149999618530273
559,19.149999618530273
560,19.149999618530273
561,18.25
562,18.25
563,19.100000381469727
564,19.100000381469727
565,19.100000381469727
566,19.100000381469727
567,19.100000381469727
568,19.100000381469727
569,19.100000381469727
570,19.100000381469727
571,19.100000381469727
572,19.100000381469727
573,19.100000381469727
574,15.5
575,15.5
576,15.5
577,15.5
578,19.049999237060547
579,17.149999618530273
580,17.299999237060547
581,17.100000381469727
582,17.100000381469727
583,17.100000381469727
584,17.299999237060547
585,17.200000762939453
586,14.800000190734863
587,14.800000190734863
588,14.800000190734863
589,14.800000190734863
590,16.25
591,16.100000381469727
592,16.850000381469727
593,16.850000381469727
594,16.850000381469727
595,16.850000381469727
596,16.850000381469727
597,16.850000381469727
598,16.850000381469727
599,17.0
600,17.0
601,17.700000762939453
602,20.100000381469727
603,20.299999237060547
604,21.0
605,20.5
606,20.5
607,20.5
608,20.5
609,20.299999237060547
610,20.299999237060547
611,20.299999237060547
612,20.299999237060547
613,20.299999237060547
614,20.299999237060547
615,20.299999237060547
616,20.299999237060547
617,20.299999237060547
618,20.899999618530273
619,20.700000762939453
620,20.700000762939453
621,20.700000762939453
622,20.700000762939453
623,20.200000762939453
624,20.75
625,20.75
626,20.75
627,20.649999618530273
628,20.600000381469727
629,20.350000381469727
630,20.600000381469727
631,20.649999618530273
632,20.649999618530273
633,20.649999618530273
634,20.5
635,20.700000762939453
636,20.700000762939453
637,20.700000762939453
638,20.700000762939453
639,20.700000762939453
640,20.700000762939453
641,20.700000762939453
642,20.700000762939453
643,20.700000762939453
644,20.700000762939453
645,20.700000762939453
646,20.700000762939453
647,20.700000762939453
648,20.700000762939453
649,20.700000762939453
650,20.700000762939453
651,20.700000762939453
652,14.800000190734863
653,20.700000762939453
654,20.700000762939453
655,20.700000762939453
656,20.700000762939453
657,20.700000762939453
658,20.700000762939453
659,20.700000762939453
660,15.550000190734863
661,19.899999618530273
662,19.899999618530273
663,19.899999618530273
664,19.899999618530273
665,21.549999237060547
666,21.549999237060547
667,21.549999237060547
668,21.549999237060547
669,21.549999237060547
670,21.549999237060547
671,21.549999237060547
672,21.549999237060547
673,21.549999237060547
674,21.549999237060547
675,21.549999237060547
676,21.549999237060547
677,21.549999237060547
678,21.549999237060547
679,21.549999237060547
680,21.549999237060547
681,21.549999237060547
682,21.549999237060547
683,21.549999237060547
684,21.549999237060547
685,21.549999237060547
686,21.549999237060547
687,21.549999237060547
688,21.549999237060547
689,21.549999237060547
690,21.549999237060547
691,21.549999237060547
692,21.549999237060547
693,21.549999237060547
694,21.549999237060547
695,21.549999237060547
696,21.549999237060547
697,21.549999237060547
698,21.549999237060547
699,24.5
700,24.5
701,24.5
702,24.5
703,24.5
704,24.5
705,24.5
706,24.5
707,24.5
708,24.5
709,24.5
710,24.5
711,24.5
712,24.5
713,24.5
714,24.5
715,24.5
716,24.5
717,24.5
718,24.5
719,24.5
720,24.5
721,24.5
722,24.5
723,29.5
724,23.0
725,23.0
726,25.549999237060547
727,23.0
728,23.0
729,23.0
730,23.0
731,23.0
732,23.0
733,24.0
734,24.0
735,24.0
736,24.0
737,24.0
738,24.0
739,24.0
740,24.0
741,24.0
742,24.0
743,24.0
744,24.0
745,24.0
746,24.0
747,20.5
748,21.5
749,21.5
750,21.5
751,21.5
752,21.5
753,20.149999618530273
754,20.149999618530273
755,20.149999618530273
756,20.149999618530273
757,20.149999618530273
758,20.149999618530273
759,22.75
760,23.0
761,29.549999237060547
762,32.04999923706055
763,30.25
764,34.900001525878906
765,29.649999618530273
766,36.5
767,30.5
768,33.5
769,27.049999237060547
770,27.100000381469727
771,27.049999237060547
772,32.45000076293945
773,32.400001525878906
774,31.950000762939453
775,27.75
776,27.75
777,27.75
778,39.20000076293945
779,22.049999237060547
780,26.100000381469727
781,30.0
782,32.95000076293945
783,27.850000381469727
784,24.149999618530273
785,24.200000762939453
786,24.200000762939453
787,28.600000381469727
788,25.100000381469727
789,26.100000381469727
790,25.200000762939453
791,26.0
792,26.0
793,26.0
794,26.0
795,26.0
796,26.0
797,26.0
798,26.0
799,26.0
800,26.0
801,26.0
802,26.0
803,26.0
804,25.0
805,23.049999237060547
806,23.049999237060547
807,26.899999618530273
808,26.5
809,26.5
810,26.5
811,25.0
812,25.049999237060547
813,28.299999237060547
814,28.299999237060547
815,28.299999237060547
816,27.0
817,27.0
818,27.0
819,27.0
820,27.0
821,27.0
822,28.950000762939453
823,28.950000762939453
824,28.950000762939453
825,28.950000762939453
826,28.950000762939453
827,28.950000762939453
828,28.950000762939453
829,28.950000762939453
830,28.950000762939453
831,23.700000762939453
832,24.200000762939453
833,28.950000762939453
834,28.950000762939453
835,28.950000762939453
836,28.899999618530273
837,28.350000381469727
838,28.450000762939453
839,28.450000762939453
840,28.450000762939453
841,28.450000762939453
842,28.450000762939453
843,28.850000381469727
844,28.850000381469727
845,28.850000381469727
846,28.850000381469727
847,28.850000381469727
848,27.850000381469727
849,29.950000762939453
850,33.849998474121094
851,33.849998474121094
852,33.849998474121094
853,25.049999237060547
854,26.899999618530273
855,26.899999618530273
856,28.950000762939453
857,28.950000762939453
858,28.950000762939453
859,29.0
860,27.649999618530273
861,27.649999618530273
862,27.649999618530273
863,27.649999618530273
864,27.649999618530273
865,27.200000762939453
866,27.200000762939453
867,25.0
868,26.0
869,26.450000762939453
870,26.450000762939453
871,24.0
872,24.0
873,24.0
874,15.149999618530273
875,22.200000762939453
876,26.299999237060547
877,26.950000762939453
878,25.5
879,25.850000381469727
880,22.049999237060547
881,25.700000762939453
882,25.700000762939453
883,22.899999618530273
884,24.350000381469727
885,21.850000381469727
886,21.100000381469727
887,21.100000381469727
888,21.100000381469727
889,21.100000381469727
890,21.100000381469727
891,21.100000381469727
892,21.049999237060547
893,23.950000762939453
894,24.0
895,24.399999618530273
896,22.25
897,22.25
898,23.950000762939453
899,23.950000762939453
900,22.5
901,22.5
902,22.5
903,27.25
904,27.25
905,27.25
906,27.25
907,19.25
908,20.0
909,19.75
910,19.75
911,19.75
912,18.200000762939453
913,19.0
914,19.0
915,19.0
916,19.0
917,19.0
918,17.399999618530273
919,17.399999618530273
920,17.899999618530273
921,21.899999618530273
922,21.899999618530273
923,19.899999618530273
924,19.899999618530273
925,19.899999618530273
926,18.899999618530273
927,18.899999618530273
928,18.899999618530273
929,18.899999618530273
930,18.899999618530273
931,18.799999237060547
932,18.799999237060547
933,15.449999809265137
934,14.699999809265137
935,14.699999809265137
936,14.699999809265137
937,14.699999809265137
938,14.699999809265137
939,14.699999809265137
940,14.699999809265137
941,14.699999809265137
942,14.699999809265137
943,14.699999809265137
944,14.699999809265137
945,14.699999809265137
946,14.699999809265137
947,14.699999809265137
948,14.699999809265137
949,14.699999809265137
950,17.399999618530273
951,21.100000381469727
952,23.049999237060547
953,31.950000762939453
954,31.950000762939453
955,27.5
956,36.95000076293945
957,27.0
958,23.0
959,23.0
960,23.0
961,23.0
962,23.0
963,23.0
964,23.0
965,23.0
966,23.0
967,19.0
968,19.299999237060547
969,17.600000381469727
970,17.600000381469727
971,17.600000381469727
972,17.100000381469727
973,17.100000381469727
974,17.100000381469727
975,14.75
976,14.75
977,15.149999618530273
978,15.149999618530273
979,18.299999237060547
980,19.149999618530273
981,19.399999618530273
982,15.850000381469727
983,16.450000762939453
984,17.0
985,16.049999237060547
986,16.100000381469727
987,19.5
988,16.700000762939453
989,16.700000762939453
990,18.049999237060547
991,18.049999237060547
992,18.0
993,18.0
994,18.100000381469727
995,16.950000762939453
996,22.5
997,19.149999618530273
998,23.100000381469727
999,19.5
1000,19.5
1001,19.5
1002,19.5
1003,19.5
1004,19.5
1005,18.549999237060547
1006,18.450000762939453
1007,19.25
1008,26.649999618530273
1009,26.399999618530273
1010,23.450000762939453
1011,25.399999618530273
1012,25.399999618530273
1013,24.0
1014,29.350000381469727
1015,21.5
1016,21.5
1017,27.950000762939453
1018,27.950000762939453
1019,28.700000762939453
1020,30.950000762939453
1021,36.849998474121094
1022,30.799999237060547
1023,29.0
1024,29.149999618530273
1025,27.600000381469727
1026,27.75
1027,29.799999237060547
1028,26.549999237060547
1029,29.950000762939453
1030,29.5
1031,28.0
1032,34.75
1033,32.29999923706055
1034,31.0
1035,31.450000762939453
1036,29.399999618530273
1037,29.5
1038,28.299999237060547
1039,28.450000762939453
1040,29.350000381469727
1041,29.700000762939453
1042,28.149999618530273
1043,28.149999618530273
1044,28.549999237060547
1045,28.549999237060547
1046,28.549999237060547
1047,28.549999237060547
1048,29.0
1049,29.649999618530273
1050,28.549999237060547
1051,28.950000762939453
1052,28.549999237060547
1053,27.350000381469727
1054,26.5
1055,26.149999618530273
1056,26.149999618530273
1057,22.049999237060547
1058,21.799999237060547
1059,21.799999237060547
1060,21.799999237060547
1061,21.799999237060547
1062,21.799999237060547
1063,21.5
1064,21.5
1065,21.350000381469727
1066,21.350000381469727
1067,21.399999618530273
1068,20.799999237060547
1069,21.0
1070,21.0
1071,21.0
1072,21.299999237060547
1073,21.299999237060547
1074,21.299999237060547
1075,19.899999618530273
1076,19.899999618530273
1077,19.899999618530273
1078,19.649999618530273
1079,19.649999618530273
1080,19.649999618530273
1081,19.850000381469727
1082,23.899999618530273
1083,23.899999618530273
1084,24.950000762939453
1085,24.0
1086,23.0
1087,23.100000381469727
1088,23.100000381469727
1089,23.100000381469727
1090,24.299999237060547
1091,24.299999237060547
1092,24.299999237060547
1093,24.299999237060547
1094,24.299999237060547
1095,24.299999237060547
1096,24.299999237060547
1097,24.299999237060547
1098,24.299999237060547
1099,24.299999237060547
1100,24.299999237060547
1101,23.200000762939453
1102,23.149999618530273
1103,23.700000762939453
1104,23.700000762939453
1105,23.200000762939453
1106,23.200000762939453
1107,23.200000762939453
1108,23.100000381469727
1109,22.600000381469727
1110,22.600000381469727
1111,22.600000381469727
1112,22.0
1113,22.5
1114,22.5
1115,20.950000762939453
1116,20.950000762939453
1117,20.950000762939453
1118,20.950000762939453
1119,20.950000762939453
1120,20.950000762939453
1121,20.950000762939453
1122,21.399999618530273
1123,20.799999237060547
1124,20.799999237060547
1125,20.799999237060547
1126,21.0
1127,21.0
1128,21.0
1129,19.850000381469727
1130,19.850000381469727
1131,19.850000381469727
1132,19.850000381469727
1133,19.850000381469727
1134,19.850000381469727
1135,19.850000381469727
1136,19.850000381469727
1137,20.100000381469727
1138,20.100000381469727
1139,19.100000381469727
1140,18.25
1141,19.0
1142,19.0
1143,24.299999237060547
1144,25.0
1145,28.5
1146,27.5
1147,25.0
1148,25.0
1149,25.0
1150,25.0
1151,23.5
1152,23.5
1153,22.950000762939453
1154,20.149999618530273
1155,20.149999618530273
1156,20.149999618530273
1157,20.149999618530273
1158,20.299999237060547
1159,20.299999237060547
1160,20.299999237060547
1161,20.299999237060547
1162,20.299999237060547
1163,19.649999618530273
1164,19.649999618530273
1165,19.649999618530273
1166,19.399999618530273
1167,19.399999618530273
1168,19.399999618530273
1169,19.399999618530273
1170,20.450000762939453
1171,19.549999237060547
1172,18.950000762939453
1173,18.950000762939453
1174,19.5
1175,19.5
1176,19.5
1177,19.5
1178,19.5
1179,19.5
1180,19.5
1181,19.5
1182,19.5
1183,19.5
1184,19.5
1185,19.5
1186,19.5
1187,19.5
1188,19.5
1189,19.5
1190,19.5
1191,19.399999618530273
1192,19.399999618530273
1193,19.399999618530273
1194,19.399999618530273
1195,19.399999618530273
1196,20.5
1197,22.350000381469727
1198,21.350000381469727
1199,21.350000381469727
1200,20.5
1201,20.5
1202,20.5
1203,19.850000381469727
1204,19.049999237060547
1205,19.049999237060547
1206,19.049999237060547
1207,19.700000762939453
1208,19.700000762939453
1209,19.700000762939453
1210,19.950000762939453
1211,19.950000762939453
1212,19.5
1213,19.5
1214,19.5
1215,19.5
1216,19.5
1217,19.5
1218,19.5
1219,19.5
1220,19.5
1221,19.5
1222,19.5
1223,19.5
1224,19.5
1225,19.5
1226,19.5
1227,19.5
1228,19.5
1229,19.5
1230,19.0
1231,19.0
1232,19.200000762939453
1233,19.200000762939453
1234,19.200000762939453
1235,20.600000381469727
1236,20.600000381469727
1237,20.600000381469727
1238,19.799999237060547
1239,20.0
1240,20.0
1241,20.0
1242,20.0
1243,19.799999237060547
1244,19.799999237060547
1245,19.799999237060547
1246,19.799999237060547
1247,19.799999237060547
1248,19.799999237060547
1249,19.799999237060547
1250,19.799999237060547
1251,20.200000762939453
1252,20.600000381469727
1253,20.600000381469727
1254,20.600000381469727
1255,20.600000381469727
1256,20.600000381469727
1257,20.600000381469727
1258,20.600000381469727
1259,20.600000381469727
1260,20.600000381469727
1261,19.799999237060547
1262,19.799999237060547
1263,19.799999237060547
1264,19.799999237060547
1265,19.799999237060547
1266,19.799999237060547
1267,19.799999237060547
1268,20.600000381469727
1269,20.600000381469727
1270,20.600000381469727
1271,20.600000381469727
1272,19.799999237060547
1273,19.799999237060547
1274,19.799999237060547
1275,19.799999237060547
1276,21.0
1277,20.600000381469727
1278,20.600000381469727
1279,20.600000381469727
1280,20.600000381469727
1281,20.600000381469727
1282,20.799999237060547
1283,20.799999237060547
1284,20.799999237060547
1285,21.799999237060547
1286,21.0
1287,21.0
1288,21.0
1289,21.0
1290,21.0
1291,21.0
1292,21.0
1293,22.0
1294,22.0
1295,22.0
1296,23.0
1297,23.0
1298,23.0
1299,23.0
1300,23.0
1301,23.0
1302,23.0
1303,23.0
1304,23.0
1305,23.0
1306,23.0
1307,23.0
1308,23.0
1309,22.799999237060547
1310,22.799999237060547
1311,22.799999237060547
1312,22.799999237060547
1313,22.799999237060547
1314,22.799999237060547
1315,22.799999237060547
1316,22.799999237060547
1317,22.799999237060547
1318,22.799999237060547
1319,22.799999237060547
1320,21.200000762939453
1321,21.200000762939453
1322,19.200000762939453
1323,19.200000762939453
1324,19.200000762939453
1325,19.200000762939453
1326,19.200000762939453
1327,20.0
1328,20.0
1329,20.0
1330,20.399999618530273
1331,20.399999618530273
1332,20.399999618530273
1333,19.0
1334,19.0
1335,19.0
1336,19.0
1337,19.399999618530273
1338,19.399999618530273
1339,19.399999618530273
1340,19.399999618530273
1341,19.399999618530273
1342,19.399999618530273
1343,19.399999618530273
1344,19.399999618530273
1345,19.399999618530273
1346,19.399999618530273
1347,19.399999618530273
1348,21.0
1349,21.0
1350,21.0
1351,21.0
1352,21.0
1353,21.0
1354,21.0
1355,21.0
1356,21.0
1357,21.0
1358,21.0
1359,21.0
1360,21.0
1361,22.399999618530273
1362,21.600000381469727
1363,23.0
1364,21.799999237060547
1365,21.799999237060547
1366,21.799999237060547
1367,21.399999618530273
1368,21.399999618530273
1369,21.399999618530273
1370,21.399999618530273
1371,22.600000381469727
1372,22.600000381469727
1373,22.600000381469727
1374,22.600000381469727
1375,21.0
1376,20.600000381469727
1377,20.600000381469727
1378,20.600000381469727
1379,22.0
1380,21.0
1381,21.200000762939453
1382,21.200000762939453
1383,21.0
1384,21.0
1385,21.0
1386,21.0
1387,22.799999237060547
1388,22.799999237060547
1389,21.0
1390,22.0
1391,22.0
1392,26.600000381469727
1393,24.399999618530273
1394,23.399999618530273
1395,21.799999237060547
1396,24.0
1397,23.600000381469727
1398,24.200000762939453
1399,24.799999237060547
1400,24.0
1401,23.399999618530273
1402,23.0
1403,32.599998474121094
1404,32.599998474121094
1405,38.79999923706055
1406,38.0
1407,35.20000076293945
1408,35.0
1409,33.0
1410,34.20000076293945
1411,33.599998474121094
1412,32.599998474121094
1413,40.0
1414,39.400001525878906
1415,37.400001525878906
1416,36.400001525878906
1417,38.599998474121094
1418,39.0
1419,39.79999923706055
1420,45.20000076293945
1421,40.79999923706055
1422,38.599998474121094
1423,38.400001525878906
1424,38.79999923706055
1425,38.0
1426,38.0
1427,36.20000076293945
1428,36.79999923706055
1429,36.0
1430,38.599998474121094
1431,40.79999923706055
1432,41.20000076293945
1433,41.79999923706055
1434,40.599998474121094
1435,39.599998474121094
1436,42.20000076293945
1437,40.400001525878906
1438,38.400001525878906
1439,38.599998474121094
1440,37.400001525878906
1441,36.20000076293945
1442,36.79999923706055
1443,39.0
1444,38.20000076293945
1445,37.0
1446,37.0
1447,38.0
1448,38.79999923706055
1449,39.400001525878906
1450,39.400001525878906
1451,39.20000076293945
1452,39.20000076293945
1453,38.20000076293945
1454,39.599998474121094
1455,39.599998474121094
1456,36.599998474121094
1457,37.400001525878906
1458,37.400001525878906
1459,36.0
1460,50.0
1461,41.599998474121094
1462,39.0
1463,39.0
1464,38.599998474121094
1465,39.79999923706055
1466,38.400001525878906
1467,38.79999923706055
1468,37.400001525878906
1469,36.79999923706055
1470,36.79999923706055
1471,37.0
1472,38.79999923706055
1473,45.0
1474,44.79999923706055
1475,46.79999923706055
1476,45.400001525878906
1477,45.0
1478,44.0
1479,40.79999923706055
1480,43.20000076293945
1481,44.20000076293945
1482,43.20000076293945
1483,43.599998474121094
1484,42.20000076293945
1485,42.0
1486,44.79999923706055
1487,48.400001525878906
1488,46.599998474121094
1489,46.20000076293945
1490,45.400001525878906
1491,49.0
1492,46.0
1493,46.599998474121094
1494,46.0
1495,47.20000076293945
1496,45.79999923706055
1497,45.400001525878906
1498,45.599998474121094
1499,45.400001525878906
1500,63.0
1501,88.5999984741211
1502,57.0
1503,55.599998474121094
1504,58.20000076293945
1505,62.599998474121094
1506,65.80000305175781
1507,63.20000076293945
1508,66.0
1509,66.80000305175781
1510,66.19999694824219
1511,65.5999984741211
1512,66.5999984741211
1513,67.5999984741211
1514,65.80000305175781
1515,66.5999984741211
1516,65.0
1517,69.0
1518,67.4000015258789
1519,65.4000015258789
1520,65.80000305175781
1521,65.4000015258789
1522,63.599998474121094
1523,58.599998474121094
1524,53.400001525878906
1525,49.0
1526,49.599998474121094
1527,50.79999923706055
1528,51.20000076293945
1529,51.599998474121094
1530,52.400001525878906
1531,52.20000076293945
1532,52.400001525878906
1533,52.400001525878906
1534,52.0
1535,50.0
1536,49.20000076293945
1537,49.400001525878906
1538,49.400001525878906
1539,49.0
1540,49.20000076293945
1541,49.79999923706055
1542,49.400001525878906
1543,48.79999923706055
1544,48.79999923706055
1545,48.400001525878906
1546,48.599998474121094
1547,47.599998474121094
1548,47.599998474121094
1549,47.400001525878906
1550,47.599998474121094
1551,47.599998474121094
1552,48.0
1553,48.0
1554,47.20000076293945
1555,46.79999923706055
1556,46.400001525878906
1557,46.400001525878906
1558,45.599998474121094
1559,45.0
1560,45.599998474121094
1561,44.20000076293945
1562,45.400001525878906
1563,44.0
1564,44.79999923706055
1565,47.79999923706055
1566,46.599998474121094
1567,46.599998474121094
1568,45.0
1569,45.0
1570,45.0
1571,45.400001525878906
1572,45.400001525878906
1573,46.400001525878906
1574,46.400001525878906
1575,46.400001525878906
1576,46.20000076293945
1577,46.400001525878906
1578,46.20000076293945
1579,46.79999923706055
1580,46.0
1581,46.400001525878906
1582,45.599998474121094
1583,46.79999923706055
1584,46.0
1585,46.599998474121094
1586,46.79999923706055
1587,46.400001525878906
1588,49.0
1589,48.20000076293945
1590,48.0
1591,47.599998474121094
1592,48.20000076293945
1593,47.79999923706055
1594,48.400001525878906
1595,47.79999923706055
1596,48.0
1597,49.79999923706055
1598,50.0
1599,50.0
1600,52.599998474121094
1601,51.79999923706055
1602,51.599998474121094
1603,51.400001525878906
1604,50.400001525878906
1605,50.79999923706055
1606,50.400001525878906
1607,50.0
1608,49.0
1609,49.599998474121094
1610,50.400001525878906
1611,49.599998474121094
1612,50.0
1613,50.400001525878906
1614,49.79999923706055
1615,49.599998474121094
1616,49.79999923706055
1617,50.0
1618,50.20000076293945
1619,49.599998474121094
1620,49.599998474121094
1621,49.79999923706055
1622,50.79999923706055
1623,51.400001525878906
1624,51.400001525878906
1625,50.20000076293945
1626,50.0
1627,47.599998474121094
1628,44.0
1629,46.20000076293945
1630,48.0
1631,48.0
1632,46.79999923706055
1633,44.599998474121094
1634,46.400001525878906
1635,44.79999923706055
1636,41.599998474121094
1637,41.0
1638,41.0
1639,35.599998474121094
1640,41.0
1641,41.400001525878906
1642,41.400001525878906
1643,42.20000076293945
1644,45.0
1645,44.599998474121094
1646,44.599998474121094
1647,43.599998474121094
1648,43.400001525878906
1649,46.400001525878906
1650,49.599998474121094
1651,47.79999923706055
1652,48.20000076293945
1653,49.0
1654,48.0
1655,47.79999923706055
1656,48.0
1657,47.20000076293945
1658,47.0
1659,48.20000076293945
1660,47.0
1661,47.400001525878906
1662,47.400001525878906
1663,47.599998474121094
1664,47.599998474121094
1665,48.599998474121094
1666,47.79999923706055
1667,47.0
1668,47.400001525878906
1669,47.599998474121094
1670,47.79999923706055
1671,49.20000076293945
1672,51.0
1673,49.79999923706055
1674,48.79999923706055
1675,48.599998474121094
1676,48.20000076293945
1677,48.20000076293945
1678,48.79999923706055
1679,48.0
1680,48.400001525878906
1681,48.400001525878906
1682,47.79999923706055
1683,47.599998474121094
1684,47.20000076293945
1685,47.599998474121094
1686,47.599998474121094
1687,47.599998474121094
1688,47.599998474121094
1689,47.400001525878906
1690,48.20000076293945
1691,48.20000076293945
1692,48.0
1693,48.20000076293945
1694,47.599998474121094
1695,47.79999923706055
1696,47.79999923706055
1697,47.400001525878906
1698,47.400001525878906
1699,47.0
1700,46.599998474121094
1701,47.400001525878906
1702,47.20000076293945
1703,47.0
1704,47.599998474121094
1705,47.599998474121094
1706,49.0
1707,59.20000076293945
1708,51.79999923706055
1709,48.400001525878906
1710,47.20000076293945
1711,50.0
1712,58.0
1713,54.599998474121094
1714,53.0
1715,55.0
1716,52.20000076293945
1717,51.400001525878906
1718,51.400001525878906
1719,50.79999923706055
1720,50.599998474121094
1721,50.599998474121094
1722,50.599998474121094
1723,52.0
1724,52.400001525878906
1725,53.0
1726,52.0
1727,52.20000076293945
1728,54.0
1729,54.0
1730,54.79999923706055
1731,54.400001525878906
1732,54.0
1733,54.599998474121094
1734,54.400001525878906
1735,53.79999923706055
1736,54.0
1737,73.5999984741211
1738,67.0
1739,67.4000015258789
1740,66.5999984741211
1741,93.19999694824219
1742,96.5999984741211
1743,92.80000305175781
1744,89.0
1745,92.0
1746,95.80000305175781
1747,90.0
1748,86.0
1749,85.19999694824219
1750,80.0
1751,78.80000305175781
1752,85.0
1753,82.0
1754,81.4000015258789
1755,81.19999694824219
1756,78.5999984741211
1757,73.5999984741211
1758,76.0
1759,79.4000015258789
1760,80.4000015258789
1761,80.5999984741211
1762,79.80000305175781
1763,79.4000015258789
1764,78.5999984741211
1765,80.4000015258789
1766,79.19999694824219
1767,79.80000305175781
1768,78.4000015258789
1769,75.0
1770,76.19999694824219
1771,76.5999984741211
1772,73.19999694824219
1773,72.5999984741211
1774,71.19999694824219
1775,71.0
1776,69.0
1777,69.80000305175781
1778,71.80000305175781
1779,69.19999694824219
1780,68.5999984741211
1781,68.4000015258789
1782,67.4000015258789
1783,69.5999984741211
1784,67.0
1785,67.0
1786,67.0
1787,67.0
1788,68.80000305175781
1789,67.80000305175781
1790,67.80000305175781
1791,68.4000015258789
1792,70.19999694824219
1793,69.19999694824219
1794,68.5999984741211
1795,67.19999694824219
1796,66.80000305175781
1797,65.4000015258789
1798,64.80000305175781
1799,65.4000015258789
1800,66.5999984741211
1801,70.19999694824219
1802,69.0
1803,68.80000305175781
1804,68.80000305175781
1805,67.80000305175781
1806,68.4000015258789
1807,68.80000305175781
1808,68.4000015258789
1809,68.4000015258789
1810,68.80000305175781
1811,68.4000015258789
1812,68.0
1813,67.5999984741211
1814,67.5999984741211
1815,67.5999984741211
1816,67.5999984741211
1817,68.0
1818,67.5999984741211
1819,67.5999984741211
1820,67.19999694824219
1821,66.80000305175781
1822,67.19999694824219
1823,67.0
1824,66.5999984741211
1825,66.4000015258789
1826,66.5999984741211
1827,65.19999694824219
1828,66.5999984741211
1829,66.5999984741211
1830,67.0
1831,66.80000305175781
1832,66.5999984741211
1833,66.80000305175781
1834,67.4000015258789
1835,66.19999694824219
1836,68.0
1837,67.0
1838,66.80000305175781
1839,67.0
1840,66.4000015258789
1841,66.5999984741211
1842,66.80000305175781
1843,66.80000305175781
1844,68.19999694824219
1845,68.80000305175781
1846,69.19999694824219
1847,70.4000015258789
1848,69.5999984741211
1849,69.5999984741211
1850,69.5999984741211
1851,72.0
1852,71.19999694824219
1853,70.0
1854,71.5999984741211
1855,72.0
1856,71.0
1857,70.4000015258789
1858,70.5999984741211
1859,69.4000015258789
1860,69.80000305175781
1861,70.0
1862,69.4000015258789
1863,69.80000305175781
1864,69.4000015258789
1865,68.0
1866,67.80000305175781
1867,68.0
1868,68.19999694824219
1869,68.19999694824219
1870,68.5999984741211
1871,68.80000305175781
1872,69.19999694824219
1873,67.0
1874,70.0
1875,70.5999984741211
1876,69.4000015258789
1877,68.0
1878,67.5999984741211
1879,68.0
1880,67.5999984741211
1881,67.4000015258789
1882,67.4000015258789
1883,67.5999984741211
1884,66.80000305175781
1885,67.19999694824219
1886,67.19999694824219
1887,67.19999694824219
1888,67.0
1889,66.5999984741211
1890,67.19999694824219
1891,66.80000305175781
1892,66.5999984741211
1893,66.80000305175781
1894,66.19999694824219
1895,66.19999694824219
1896,65.4000015258789
1897,65.19999694824219
1898,64.80000305175781
1899,64.5999984741211
1900,65.4000015258789
1901,66.5999984741211
1902,66.5999984741211
1903,66.5999984741211
1904,67.0
1905,66.80000305175781
1906,67.0
1907,67.5999984741211
1908,67.0
1909,67.0
1910,67.0
1911,66.4000015258789
1912,66.80000305175781
1913,66.0
1914,67.0
1915,66.5999984741211
1916,66.4000015258789
1917,67.0
1918,68.4000015258789
1919,68.4000015258789
1920,66.4000015258789
1921,68.0
1922,67.19999694824219
1923,67.80000305175781
1924,67.4000015258789
1925,67.4000015258789
1926,67.4000015258789
1927,66.5999984741211
1928,68.0
1929,68.4000015258789
1930,68.4000015258789
1931,69.80000305175781
1932,68.0
1933,67.80000305175781
1934,67.80000305175781
1935,67.5999984741211
1936,67.4000015258789
1937,67.4000015258789
1938,67.80000305175781
1939,67.80000305175781
1940,67.80000305175781
1941,67.80000305175781
1942,67.4000015258789
1943,67.5999984741211
1944,67.4000015258789
1945,67.4000015258789
1946,67.5999984741211
1947,67.19999694824219
1948,67.4000015258789
1949,68.19999694824219
1950,69.19999694824219
1951,69.5999984741211
1952,69.19999694824219
1953,69.4000015258789
1954,69.5999984741211
1955,68.80000305175781
1956,68.4000015258789
1957,68.4000015258789
1958,68.4000015258789
1959,67.80000305175781
1960,67.80000305175781
1961,67.80000305175781
1962,68.5999984741211
1963,68.19999694824219
1964,67.80000305175781
1965,68.4000015258789
1966,68.5999984741211
1967,67.5999984741211
1968,66.80000305175781
1969,66.80000305175781
1970,67.4000015258789
1971,67.19999694824219
1972,68.0
1973,68.0
1974,68.0
1975,68.0
1976,68.80000305175781
1977,69.0
1978,69.0
1979,68.4000015258789
1980,69.0
1981,69.5999984741211
1982,68.80000305175781
1983,69.0
1984,68.80000305175781
1985,71.0
1986,71.0
1987,71.0
1988,72.19999694824219
1989,71.4000015258789
1990,70.5999984741211
1991,70.4000015258789
1992,69.80000305175781
1993,69.19999694824219
1994,69.5999984741211
1995,69.0
1996,69.0
1997,69.0
1998,71.4000015258789
1999,71.0
2000,68.19999694824219
2001,68.5999984741211
2002,67.5999984741211
2003,68.5999984741211
2004,68.5999984741211
2005,69.4000015258789
2006,68.80000305175781
2007,68.80000305175781
2008,68.5999984741211
2009,68.19999694824219
2010,68.0
2011,69.0
2012,68.19999694824219
2013,68.4000015258789
2014,68.4000015258789
2015,68.4000015258789
2016,68.80000305175781
2017,68.80000305175781
2018,68.4000015258789
2019,68.19999694824219
2020,68.0
2021,74.5999984741211
2022,69.5999984741211
2023,71.0
2024,71.0
2025,71.0
2026,70.0
2027,70.0
2028,70.0
2029,68.0
2030,68.0
2031,68.4000015258789
2032,68.5999984741211
2033,70.5999984741211
2034,98.80000305175781
2035,103.80000305175781
2036,127.5999984741211
2037,178.39999389648438
2038,196.0
2039,215.39999389648438
2040,175.0
2041,191.39999389648438
2042,210.39999389648438
2043,210.39999389648438
2044,254.1999969482422
2045,262.3999938964844
2046,289.20001220703125
2047,317.79998779296875
2048,349.3999938964844
2049,230.0
2050,252.60000610351562
2051,277.6000061035156
2052,305.20001220703125
2053,335.3999938964844
2054,338.0
2055,324.20001220703125
2056,300.0
2057,283.6000061035156
2058,258.0
2059,283.3999938964844
2060,311.3999938964844
2061,302.79998779296875
2062,293.79998779296875
2063,287.20001220703125
2064,276.6000061035156
2065,280.0
2066,273.6000061035156
2067,267.6000061035156
2068,273.6000061035156
2069,266.3999938964844
2070,266.6000061035156
2071,260.20001220703125
2072,252.0
2073,240.1999969482422
2074,240.1999969482422
2075,172.0
2076,172.0
2077,208.0
2078,267.79998779296875
2079,238.0
2080,220.60000610351562
2081,224.8000030517578
2082,217.1999969482422
2083,213.1999969482422
2084,202.8000030517578
2085,202.8000030517578
2086,192.8000030517578
2087,192.0
2088,190.39999389648438
2089,253.0
2090,219.39999389648438
2091,221.8000030517578
2092,214.39999389648438
2093,215.39999389648438
2094,227.0
2095,225.0
2096,220.60000610351562
2097,217.1999969482422
2098,219.39999389648438
2099,216.8000030517578
2100,216.0
2101,213.39999389648438
2102,200.8000030517578
2103,198.60000610351562
2104,198.60000610351562
2105,179.0
2106,201.39999389648438
2107,190.1999969482422
2108,175.8000030517578
2109,194.1999969482422
2110,189.39999389648438
2111,191.1999969482422
2112,190.1999969482422
2113,190.1999969482422
2114,186.0
2115,183.39999389648438
2116,181.0
2117,182.8000030517578
2118,181.1999969482422
2119,181.60000610351562
2120,182.8000030517578
2121,187.39999389648438
2122,184.39999389648438
2123,180.39999389648438
2124,182.1999969482422
2125,181.60000610351562
2126,178.1999969482422
2127,172.0
2128,155.0
2129,161.1999969482422
2130,113.80000305175781
2131,113.80000305175781
2132,113.80000305175781
2133,113.80000305175781
2134,122.4000015258789
2135,133.0
2136,137.39999389648438
2137,155.0
2138,152.60000610351562
2139,200.60000610351562
2140,185.60000610351562
2141,182.0
2142,178.39999389648438
2143,176.0
2144,176.8000030517578
2145,174.0
2146,174.39999389648438
2147,171.0
2148,168.0
2149,190.0
2150,177.0
2151,175.60000610351562
2152,172.39999389648438
2153,170.39999389648438
2154,170.39999389648438
2155,171.39999389648438
2156,170.0
2157,169.8000030517578
2158,168.39999389648438
2159,170.0
2160,170.0
2161,168.0
2162,168.0
2163,164.39999389648438
2164,162.8000030517578
2165,162.8000030517578
2166,164.60000610351562
2167,163.60000610351562
2168,163.8000030517578
2169,163.8000030517578
2170,163.8000030517578
2171,163.8000030517578
2172,164.6
2173,166.6
2174,165.0
2175,165.4
2176,164.0
2177,166.8
2178,167.6
2179,166.4
2180,167.2
2181,165.6
2182,165.2
2183,164.8
2184,163.8
2185,161.2
2186,159.4
2187,160.0
2188,160.0
2189,162.0
2190,161.0
2191,159.8
2192,162.4
2193,162.8
2194,162.2
2195,163.0
2196,165.2
2197,161.8
2198,162.8
2199,164.0
2200,163.0
2201,164.4
2202,165.0
2203,166.0
2204,177.8
2205,166.8
2206,155.4
2207,151.0
2208,149.8
2209,151.2
2210,151.2
2211,152.2
2212,151.4
2213,152.0
2214,151.4
2215,151.6
2216,151.8
2217,151.0
2218,151.4
2219,153.0
2220,151.6
2221,150.6
2222,150.0
2223,147.2
2224,149.4
2225,149.8
2226,148.6
2227,149.8
2228,147.8
2229,148.0
2230,147.4
2231,147.4
2232,148.6
2233,148.2
2234,149.8
2235,148.0
2236,148.2
2237,148.2
2238,148.6
2239,148.6
2240,150.0
2241,149.2
2242,148.6
2243,148.2
2244,149.6
2245,149.6
2246,150.2
2247,149.0
2248,148.8
2249,150.0
2250,152.4
2251,154.8
2252,156.4
2253,157.2
2254,155.0
2255,148.0
2256,139.8
2257,144.6
2258,133.8
2259,116.0
2260,124.0
2261,126.4
2262,122.4
2263,118.2
2264,124.8
2265,121.4
2266,119.4
2267,120.8
2268,117.8
2269,117.4
2270,119.0
2271,123.8
2272,124.0
2273,122.4
2274,124.0
2275,123.2
2276,122.0
2277,123.0
2278,122.0
2279,122.8
2280,123.6
2281,123.8
2282,125.2
2283,132.2
2284,130.0
2285,132.8
2286,132.0
2287,130.6
2288,131.6
2289,131.0
2290,130.6
2291,131.2
2292,131.0
2293,131.4
2294,131.6
2295,130.4
2296,130.4
2297,130.6
2298,127.6
2299,128.2
2300,129.6
2301,129.8
2302,130.8
2303,130.0
2304,132.2
2305,133.2
2306,131.8
2307,131.6
2308,130.4
2309,130.2
2310,130.0
2311,130.0
2312,128.4
2313,129.6
2314,129.4
2315,128.6
2316,131.2
2317,132.2
2318,130.4
2319,136.2
2320,134.0
2321,138.0
2322,143.6
2323,146.6
2324,141.8
2325,137.2
2326,137.6
2327,138.6
2328,140.8
2329,141.6
2330,144.0
2331,146.6
2332,151.8
2333,169.2
2334,235.6
2335,197.0
2336,195.0
2337,197.8
2338,187.6
2339,198.0
2340,189.6
2341,191.4
2342,194.0
2343,199.8
2344,198.0
2345,194.0
2346,193.0
2347,194.6
2348,202.8
2349,198.8
2350,200.0
2351,200.6
2352,202.0
2353,202.8
2354,203.2
2355,220.6
2356,211.2
2357,211.6
2358,219.6
2359,260.0
2360,234.6
2361,252.8
2362,284.8
2363,275.6
2364,266.8
2365,273.6
2366,272.0
2367,278.6
2368,278.0
2369,265.6
2370,275.8
2371,275.2
2372,277.4
2373,292.0
2374,290.2
2375,290.6
2376,289.0
2377,283.8
2378,278.0
2379,282.6
2380,281.0
2381,279.2
2382,285.2
2383,286.8
2384,284.4
2385,289.2
2386,286.4
2387,285.4
2388,288.6
2389,281.6
2390,288.2
2391,302.8
2392,332.0
2393,391.2
2394,341.4
2395,349.0
2396,336.2
2397,358.4
2398,370.6
2399,362.4
2400,362.2
2401,367.8
2402,366.6
2403,361.2
2404,364.2
2405,364.6
2406,367.2
2407,366.0
2408,365.2
2409,365.6
2410,342.6
2411,329.8
2412,337.6
2413,340.0
2414,339.8
2415,351.0
2416,355.6
2417,348.8
2418,352.4
2419,354.6
2420,351.0
2421,340.0
2422,322.2
2423,352.2
2424,359.4
2425,353.6
2426,350.8
2427,349.6
2428,351.0
2429,348.8
2430,349.6
2431,354.2
2432,350.8
2433,348.2
2434,349.6
2435,345.6
2436,347.0
2437,346.8
2438,345.0
2439,345.0
2440,344.6
2441,340.4
2442,344.2
2443,342.8
2444,346.4
2445,345.2
2446,349.0
2447,345.0
2448,348.0
2449,352.6
2450,353.0
2451,353.4
2452,349.8
2453,348.2
2454,351.6
2455,354.2
2456,363.2
2457,359.0
2458,356.0
2459,357.2
2460,356.2
2461,354.6
2462,363.6
2463,448.0
2464,559.2
2465,500.0
2466,502.4
2467,525.0
2468,525.0
2469,522.4
2470,525.8
2471,527.0
2472,576.8
2473,581.6
2474,588.2
2475,646.8
2476,657.0
2477,725.2
2478,797.2
2479,876.4
2480,793.0
2481,781.4
2482,763.0
2483,756.0
2484,847.0
2485,834.2
2486,818.2
2487,848.8
2488,929.6
2489,910.6
2490,897.6
2491,899.0
2492,894.2
2493,889.0
2494,893.6
2495,891.0
2496,888.0
2497,912.0
2498,907.2
2499,905.0
2500,884.0
2501,863.8
2502,864.0
2503,894.4
2504,867.8
2505,772.4
2506,808.2
2507,832.2
2508,773.6
2509,759.8
2510,737.0
2511,748.0
2512,762.0
2513,750.4
2514,768.6
2515,768.6
2516,763.8
2517,748.4
2518,740.6
2519,745.6
2520,732.4
2521,711.0
2522,719.8
2523,718.6
2524,727.0
2525,704.8
2526,704.0
2527,710.4
2528,755.0
2529,840.0
2530,799.8
2531,765.0
2532,804.0
2533,785.2
2534,769.8
2535,732.4
2536,760.0
2537,772.6
2538,756.0
2539,756.4
2540,753.4
2541,744.8
2542,739.8
2543,741.4
2544,736.0
2545,721.0
2546,679.0
2547,643.4
2548,538.6
2549,577.4
2550,684.8
2551,650.6
2552,625.0
2553,624.4
2554,631.8
2555,536.0
2556,476.2
2557,447.8
2558,492.0
2559,540.6
2560,489.2
2561,476.8
2562,455.6
2563,444.8
2564,436.8
2565,461.6
2566,455.0
2567,436.2
2568,440.4
2569,439.6
2570,444.4
2571,451.0
2572,476.8
2573,506.8
2574,530.0
2575,563.0
2576,558.0
2577,555.0
2578,554.0
2579,565.6
2580,525.8
2581,511.2
2582,536.2
2583,577.8
2584,580.0
2585,581.4
2586,639.6
2587,645.2
2588,631.0
2589,638.2
2590,648.2
2591,637.0
2592,647.4
2593,645.0
2594,651.4
2595,672.8
2596,677.8
2597,758.8
2598,725.6
2599,735.2
2600,735.6
2601,751.6
2602,742.0
2603,712.0
2604,703.0
2605,709.0
2606,730.0
2607,727.0
2608,719.5
2609,703.0
2610,680.5
2611,720.0
2612,705.0
2613,703.5
2614,699.0
2615,698.5
2616,661.0
2617,633.5
2618,654.5
2619,676.0
2620,679.5
2621,662.0
2622,669.5
2623,657.5
2624,657.5
2625,670.5
2626,658.5
2627,662.0
2628,666.0
2629,672.0
2630,685.5
2631,668.5
2632,666.5
2633,670.5
2634,660.0
2635,641.5
2636,652.0
2637,648.0
2638,645.0
2639,658.0
2640,670.0
2641,668.0
2642,660.0
2643,673.0
2644,677.0
2645,675.0
2646,666.5
2647,678.0
2648,679.0
2649,670.5
2650,670.5
2651,668.5
2652,665.5
2653,664.0
2654,668.5
2655,673.5
2656,672.5
2657,661.0
2658,660.0
2659,665.0
2660,659.0
2661,650.5
2662,647.0
2663,646.5
2664,648.5
2665,652.0
2666,662.0
2667,670.0
2668,690.0
2669,669.5
2670,668.5
2671,657.0
2672,669.5
2673,663.0
2674,655.0
2675,646.0
2676,653.5
2677,649.5
2678,623.0
2679,628.0
2680,637.5
2681,617.0
2682,566.0
2683,573.0
2684,579.5
2685,557.0
2686,515.5
2687,507.0
2688,550.0
2689,573.5
2690,591.5
2691,589.0
2692,589.0
2693,565.0
2694,562.5
2695,580.0
2696,563.5
2697,558.5
2698,519.0
2699,529.5
2700,529.5
2701,521.0
2702,529.0
2703,539.5
2704,542.0
2705,543.0
2706,544.5
2707,541.0
2708,546.5
2709,526.5
2710,539.5
2711,547.5
2712,507.5
2713,453.5
2714,476.0
